/*
SQLyog Ultimate v11.33 (64 bit)
MySQL - 10.4.11-MariaDB : Database - sigap
*********************************************************************
*/

/*!40101 SET NAMES utf8 */;

/*!40101 SET SQL_MODE=''*/;

/*!40014 SET @OLD_UNIQUE_CHECKS=@@UNIQUE_CHECKS, UNIQUE_CHECKS=0 */;
/*!40014 SET @OLD_FOREIGN_KEY_CHECKS=@@FOREIGN_KEY_CHECKS, FOREIGN_KEY_CHECKS=0 */;
/*!40101 SET @OLD_SQL_MODE=@@SQL_MODE, SQL_MODE='NO_AUTO_VALUE_ON_ZERO' */;
/*!40111 SET @OLD_SQL_NOTES=@@SQL_NOTES, SQL_NOTES=0 */;
CREATE DATABASE /*!32312 IF NOT EXISTS*/`sigap` /*!40100 DEFAULT CHARACTER SET latin1 */;

USE `sigap`;

/*Table structure for table `airpower` */

DROP TABLE IF EXISTS `airpower`;

CREATE TABLE `airpower` (
  `ID_Airpower` int(3) NOT NULL AUTO_INCREMENT,
  `ID_Country` int(3) DEFAULT NULL,
  `Total_Strength` varchar(20) DEFAULT NULL,
  `Fighters` varchar(20) DEFAULT NULL,
  `Transports` varchar(20) DEFAULT NULL,
  `Helicopters` varchar(20) DEFAULT NULL,
  PRIMARY KEY (`ID_Airpower`),
  KEY `ID_Country` (`ID_Country`),
  CONSTRAINT `airpower_ibfk_1` FOREIGN KEY (`ID_Country`) REFERENCES `country` (`ID_Country`)
) ENGINE=InnoDB AUTO_INCREMENT=139 DEFAULT CHARSET=utf8mb4;

/*Data for the table `airpower` */

insert  into `airpower`(`ID_Airpower`,`ID_Country`,`Total_Strength`,`Fighters`,`Transports`,`Helicopters`) values (1,1,'13,264','2,085','945','5,768'),(2,2,'4,163','873','424','1,522'),(3,3,'3,210','1,232','224','911'),(4,4,'2,123','538','250','722'),(5,5,'1,561','279','60','637'),(6,6,'1,649','414','41','803'),(7,7,'1,229','269','121','589'),(8,8,'733','133','44','312'),(9,9,'1,054','215','59','294'),(10,10,'715','43','126','242'),(11,11,'1,055','206','80','497'),(12,12,'860','99','38','439'),(13,13,'712','128','71','386'),(14,14,'509','155','62','100'),(15,15,'1,372','356','49','346'),(16,16,'462','41','54','177'),(17,17,'879','270','49','283'),(18,18,'589','259','15','146'),(19,19,'464','82','38','133'),(20,20,'512','137','46','162'),(21,21,'457','91','49','176'),(22,22,'293','77','38','138'),(23,23,'570','75','48','307'),(24,24,'385','62','38','145'),(25,25,'949','458','4','204'),(26,26,'744','289','19','210'),(27,27,'297','48','32','121'),(28,28,'551','103','59','257'),(29,29,'226','17','23','91'),(30,30,'169','54','18','42'),(31,31,'150','59','4','47'),(32,32,'204','71','6','53'),(33,33,'566','187','15','231'),(34,34,'95','12','8','44'),(35,35,'276','59','27','86'),(36,36,'168','61','4','75'),(37,37,'469','21','76','224'),(38,38,'484','3','43','202'),(39,39,'143','26','12','62'),(40,40,'273','17','40','99'),(41,41,'260','38','52','86'),(42,42,'129','8','21','44'),(43,43,'227','24','9','100'),(44,44,'170','26','18','65'),(45,45,'538','98','40','229'),(46,46,'177','44','11','67'),(47,47,'282','44','30','92'),(48,48,'171','0','23','97'),(49,49,'113','33','4','35'),(50,50,'348','26','16','186'),(51,51,'235','100','9','77'),(52,52,'185','66','18','79'),(53,53,'202','39','4','63'),(54,54,'47','12','5','24'),(55,55,'456','199','5','165'),(56,56,'295','72','30','126'),(57,57,'214','46','31','64'),(58,58,'47','10','7','21'),(59,59,'194','55','11','127'),(60,60,'86','24','9','33'),(61,61,'90','24','11','23'),(62,62,'63','13','5','25'),(63,63,'222','76','18','71'),(64,64,'147','17','1','88'),(65,65,'109','9','1','44'),(66,66,'120','15','11','62'),(67,67,'69','0','14','38'),(68,68,'108','9','22','50'),(69,69,'78','12','0','47'),(70,70,'148','43','12','29'),(71,71,'53','2','13','34'),(72,72,'278','44','16','146'),(73,73,'80','38','2','14'),(74,74,'169','77','8','61'),(75,75,'131','29','9','42'),(76,76,'190','46','22','73'),(77,77,'72','24','3','25'),(78,78,'260','0','30','187'),(79,79,'48','0','7','22'),(80,80,'114','17','4','26'),(81,81,'147','12','14','92'),(82,82,'77','0','15','54'),(83,83,'10','0','5','5'),(84,84,'150','17','20','79'),(85,85,'85','27','2','40'),(86,86,'48','10','2','26'),(87,87,'35','0','6','17'),(88,88,'108','18','11','27'),(89,89,'66','0','2','38'),(90,90,'123','24','12','46'),(91,91,'90','10','14','28'),(92,92,'33','0','8','15'),(93,93,'109','17','2','65'),(94,94,'25','0','1','20'),(95,95,'50','0','9','13'),(96,96,'29','9','6','8'),(97,97,'16','0','1','8'),(98,98,'5','0','0','5'),(99,99,'19','0','0','8'),(100,100,'38','0','3','16'),(101,101,'29','0','6','15'),(102,102,'5','0','0','5'),(103,103,'16','0','5','7'),(104,104,'8','0','4','4'),(105,105,'9','0','3','6'),(106,106,'24','0','3','13'),(107,107,'22','0','5','17'),(108,108,'45','10','11','16'),(109,109,'34','14','6','6'),(110,110,'46','3','11','12'),(111,111,'64','0','3','37'),(112,112,'3','0','1','2'),(113,113,'33','0','6','11'),(114,114,'19','0','5','14'),(115,115,'19','0','0','19'),(116,116,'16','8','1','6'),(117,117,'19','0','2','17'),(118,118,'70','0','0','55'),(119,119,'7','0','2','4'),(120,120,'49','0','10','28'),(121,121,'13','2','3','8'),(122,122,'16','0','3','13'),(123,123,'9','0','0','9'),(124,124,'28','0','6','4'),(125,125,'6','0','0','6'),(126,126,'51','0','2','31'),(127,127,'20','0','0','14'),(128,128,'30','6','3','7'),(129,129,'3','0','2','1'),(130,130,'23','6','2','15'),(131,131,'33','0','2','27'),(132,132,'39','0','11','23'),(133,133,'19','0','0','19'),(134,134,'5','0','0','5'),(135,135,'3','0','0','3'),(136,136,'0','0','0','0'),(137,137,'0','0','0','0'),(138,138,'2','0','0','2');

/*Table structure for table `country` */

DROP TABLE IF EXISTS `country`;

CREATE TABLE `country` (
  `ID_Country` int(3) NOT NULL AUTO_INCREMENT,
  `Country` varchar(50) DEFAULT NULL,
  `pwrindex` varchar(20) DEFAULT NULL,
  `CountryCode` varchar(10) DEFAULT NULL,
  `CountryCode_lw` varchar(10) DEFAULT NULL,
  PRIMARY KEY (`ID_Country`)
) ENGINE=InnoDB AUTO_INCREMENT=139 DEFAULT CHARSET=utf8mb4;

/*Data for the table `country` */

insert  into `country`(`ID_Country`,`Country`,`pwrindex`,`CountryCode`,`CountryCode_lw`) values (1,'United States','PwrIndx: 0.0606','US','us'),(2,'Russia','PwrIndx: 0.0681','RU','ru'),(3,'China','PwrIndx: 0.0691','CN','cn'),(4,'India','PwrIndx: 0.0953','IN','in'),(5,'Japan','PwrIndx: 0.1501','JP','jp'),(6,'South Korea','PwrIndx: 0.1509','KR','kr'),(7,'France','PwrIndx: 0.1702','FR','fr'),(8,'United Kingdom','PwrIndx: 0.1717','GB','gb'),(9,'Egypt','PwrIndx: 0.1872','EG','eg'),(10,'Brazil','PwrIndx: 0.1988','BR','br'),(11,'Turkey','PwrIndx: 0.2098','TR','tr'),(12,'Italy','PwrIndx: 0.2111','IT','it'),(13,'Germany','PwrIndx: 0.2186','DE','de'),(14,'Iran','PwrIndx: 0.2191','IR','ir'),(15,'Pakistan','PwrIndx: 0.2364','PK','pk'),(16,'Indonesia','PwrIndx: 0.2544','ID','id'),(17,'Saudi Arabia','PwrIndx: 0.3034','SA','sa'),(18,'Israel','PwrIndx: 0.3111','IL','il'),(19,'Australia','PwrIndx: 0.3225','AU','au'),(20,'Spain','PwrIndx: 0.3388','ES','es'),(21,'Poland','PwrIndx: 0.3397','PL','pl'),(22,'Vietnam','PwrIndx: 0.3559','VN','vn'),(23,'Thailand','PwrIndx: 0.3571','TH','th'),(24,'Canada','PwrIndx: 0.3712','CA','ca'),(25,'North Korea','PwrIndx: 0.3718','KP','kp'),(26,'Taiwan','PwrIndx: 0.4008','TW','tw'),(27,'Ukraine','PwrIndx: 0.4457','UA','ua'),(28,'Algeria','PwrIndx: 0.4659','DZ','dz'),(29,'South Africa','PwrIndx: 0.4985','ZA','za'),(30,'Switzerland','PwrIndx: 0.5259','CH','ch'),(31,'Norway','PwrIndx: 0.5277','NO','no'),(32,'Sweden','PwrIndx: 0.5304','SE','se'),(33,'Greece','PwrIndx: 0.5311','GR','gr'),(34,'Czechia','PwrIndx: 0.5531','#N/A','#N/A'),(35,'Myanmar','PwrIndx: 0.5691','MM','mm'),(36,'Netherlands','PwrIndx: 0.5919','NL','nl'),(37,'Colombia','PwrIndx: 0.6045','CO','co'),(38,'Mexico','PwrIndx: 0.6065','MX','mx'),(39,'Romania','PwrIndx: 0.6177','RO','ro'),(40,'Peru','PwrIndx: 0.6219','PE','pe'),(41,'Venezuela','PwrIndx: 0.6449','VE','ve'),(42,'Nigeria','PwrIndx: 0.6485','NG','ng'),(43,'Argentina','PwrIndx: 0.6521','AR','ar'),(44,'Malaysia','PwrIndx: 0.6546','MY','my'),(45,'United Arab Emirates','PwrIndx: 0.7034','AE','ae'),(46,'Bangladesh','PwrIndx: 0.7066','BD','bd'),(47,'Chile','PwrIndx: 0.7668','CL','cl'),(48,'Philippines','PwrIndx: 0.7852','PH','ph'),(49,'Denmark','PwrIndx: 0.7878','DK','dk'),(50,'Iraq','PwrIndx: 0.7911','IQ','iq'),(51,'Singapore','PwrIndx: 0.7966','SG','sg'),(52,'Uzbekistan','PwrIndx: 0.8086','UZ','uz'),(53,'Belarus','PwrIndx: 0.8179','BY','by'),(54,'Hungary','PwrIndx: 0.8215','HU','hu'),(55,'Syria','PwrIndx: 0.8241','SY','sy'),(56,'Angola','PwrIndx: 0.8379','AO','ao'),(57,'Morocco','PwrIndx: 0.8408','MA','ma'),(58,'Slovakia','PwrIndx: 0.8466','SK','sk'),(59,'Finland','PwrIndx: 0.8498','FI','fi'),(60,'Ethiopia','PwrIndx: 0.8581','ET','et'),(61,'Portugal','PwrIndx: 0.8612','PT','pt'),(62,'Bulgaria','PwrIndx: 0.8916','BG','bg'),(63,'Kazakhstan','PwrIndx: 0.9098','KZ','kz'),(64,'Azerbaijan','PwrIndx: 0.9463','AZ','az'),(65,'Serbia','PwrIndx: 0.9479','RS','rs'),(66,'Austria','PwrIndx: 0.9568','AT','at'),(67,'Bolivia','PwrIndx: 0.9942','BO','bo'),(68,'Ecuador','PwrIndx: 1.0062','EC','ec'),(69,'Croatia','PwrIndx: 1.0183','HR','hr'),(70,'Belgium','PwrIndx: 1.0499','BE','be'),(71,'Democratic Republic of the Congo','PwrIndx: 1.1389','CD','cd'),(72,'Jordan','PwrIndx: 1.1441','JO','jo'),(73,'Cuba','PwrIndx: 1.2208','CU','cu'),(74,'Yemen','PwrIndx: 1.2412','YE','ye'),(75,'Oman','PwrIndx: 1.2514','OM','om'),(76,'Sudan','PwrIndx: 1.3017','SD','sd'),(77,'Turkmenistan','PwrIndx: 1.3292','TM','tm'),(78,'Afghanistan','PwrIndx: 1.3444','AF','af'),(79,'New Zealand','PwrIndx: 1.3684','NZ','nz'),(80,'Libya','PwrIndx: 1.3696','LY','ly'),(81,'Tunisia','PwrIndx: 1.4619','TN','tn'),(82,'Sri Lanka','PwrIndx: 1.4661','LK','lk'),(83,'Lithuania','PwrIndx: 1.4752','LT','lt'),(84,'Kenya','PwrIndx: 1.5287','KE','ke'),(85,'Kuwait','PwrIndx: 1.5701','KW','kw'),(86,'Uganda','PwrIndx: 1.6176','UG','ug'),(87,'Chad','PwrIndx: 1.6383','TD','td'),(88,'Zambia','PwrIndx: 1.6464','ZM','zm'),(89,'Georgia','PwrIndx: 1.6679','GE','ge'),(90,'Qatar','PwrIndx: 1.6703','QA','qa'),(91,'Zimbabwe','PwrIndx: 1.7577','ZW','zw'),(92,'Guatemala','PwrIndx: 1.8302','GT','gt'),(93,'Bahrain','PwrIndx: 1.8547','BH','bh'),(94,'Tajikistan','PwrIndx: 1.8661','TJ','tj'),(95,'Uruguay','PwrIndx: 1.8909','UY','uy'),(96,'Mali','PwrIndx: 1.8941','ML','ml'),(97,'Burkina Faso','PwrIndx: 1.9009','BF','bf'),(98,'Kyrgyzstan','PwrIndx: 1.9244','KG','kg'),(99,'Ireland','PwrIndx: 1.9481','IE','ie'),(100,'Slovenia','PwrIndx: 1.9496','SI','si'),(101,'Cameroon','PwrIndx: 1.9902','CM','cm'),(102,'Latvia','PwrIndx: 2.0145','LV','lv'),(103,'Niger','PwrIndx: 2.0153','NE','ne'),(104,'Ivory Coast','PwrIndx: 2.0236','CI','ci'),(105,'Mongolia','PwrIndx: 2.0299','MN','mn'),(106,'Ghana','PwrIndx: 2.0554','GH','gh'),(107,'Cambodia','PwrIndx: 2.0557','KH','kh'),(108,'Botswana','PwrIndx: 2.0582','BW','bw'),(109,'Tanzania','PwrIndx: 2.0651','TZ','tz'),(110,'Honduras','PwrIndx: 2.0943','HN','hn'),(111,'Armenia','PwrIndx: 2.1251','AM','am'),(112,'Moldova','PwrIndx: 2.1291','MD','md'),(113,'Paraguay','PwrIndx: 2.1898','PY','py'),(114,'Nicaragua','PwrIndx: 2.2747','NI','ni'),(115,'Albania','PwrIndx: 2.3137','AL','al'),(116,'Mozambique','PwrIndx: 2.3364','MZ','mz'),(117,'South Sudan','PwrIndx: 2.3501','SS','ss'),(118,'Lebanon','PwrIndx: 2.5193','LB','lb'),(119,'Estonia','PwrIndx: 2.5893','EE','ee'),(120,'Dominican Republic','PwrIndx: 2.7504','DO','do'),(121,'Republic of the Congo','PwrIndx: 2.9509','CG','cg'),(122,'Nepal','PwrIndx: 2.9891','NP','np'),(123,'Montenegro','PwrIndx: 2.9941','ME','me'),(124,'Mauritania','PwrIndx: 3.0477','MR','mr'),(125,'Madagascar','PwrIndx: 3.0869','MG','mg'),(126,'El Salvador','PwrIndx: 3.1291','SV','sv'),(127,'North Macedonia','PwrIndx: 3.1808','#N/A','#N/A'),(128,'Namibia','PwrIndx: 3.2817','NA','na'),(129,'Central African Republic','PwrIndx: 3.2889','CF','cf'),(130,'Gabon','PwrIndx: 3.3736','GA','ga'),(131,'Laos','PwrIndx: 3.4433','LA','la'),(132,'Panama','PwrIndx: 3.6537','PA','pa'),(133,'Bosnia and Herzegovina','PwrIndx: 3.8586','BA','ba'),(134,'Sierra Leone','PwrIndx: 4.2063','SL','sl'),(135,'Suriname','PwrIndx: 4.6042','SR','sr'),(136,'Somalia','PwrIndx: 4.6404','SO','so'),(137,'Liberia','PwrIndx: 5.5737','LR','lr'),(138,'Bhutan','PwrIndx: 10.1681','BT','bt');

/*Table structure for table `country2` */

DROP TABLE IF EXISTS `country2`;

CREATE TABLE `country2` (
  `ID_Country` int(3) DEFAULT NULL,
  `Country` varchar(50) DEFAULT NULL,
  `pwrindex` varchar(20) DEFAULT NULL,
  `CountryCode` varchar(10) DEFAULT NULL,
  `CountryCode_lw` varchar(10) DEFAULT NULL
) ENGINE=InnoDB DEFAULT CHARSET=latin1;

/*Data for the table `country2` */

insert  into `country2`(`ID_Country`,`Country`,`pwrindex`,`CountryCode`,`CountryCode_lw`) values (1,'United States','PwrIndx: 0.0606','US','us'),(2,'Russia','PwrIndx: 0.0681','RU','ru'),(3,'China','PwrIndx: 0.0691','CN','cn'),(4,'India','PwrIndx: 0.0953','IN','in'),(5,'Japan','PwrIndx: 0.1501','JP','jp'),(6,'South Korea','PwrIndx: 0.1509','KR','kr'),(7,'France','PwrIndx: 0.1702','FR','fr'),(8,'United Kingdom','PwrIndx: 0.1717','GB','gb'),(9,'Egypt','PwrIndx: 0.1872','EG','eg'),(10,'Brazil','PwrIndx: 0.1988','BR','br'),(11,'Turkey','PwrIndx: 0.2098','TR','tr'),(12,'Italy','PwrIndx: 0.2111','IT','it'),(13,'Germany','PwrIndx: 0.2186','DE','de'),(14,'Iran','PwrIndx: 0.2191','IR','ir'),(15,'Pakistan','PwrIndx: 0.2364','PK','pk'),(16,'Indonesia','PwrIndx: 0.2544','ID','id'),(17,'Saudi Arabia','PwrIndx: 0.3034','SA','sa'),(18,'Israel','PwrIndx: 0.3111','IL','il'),(19,'Australia','PwrIndx: 0.3225','AU','au'),(20,'Spain','PwrIndx: 0.3388','ES','es'),(21,'Poland','PwrIndx: 0.3397','PL','pl'),(22,'Vietnam','PwrIndx: 0.3559','VN','vn'),(23,'Thailand','PwrIndx: 0.3571','TH','th'),(24,'Canada','PwrIndx: 0.3712','CA','ca'),(25,'North Korea','PwrIndx: 0.3718','KP','kp'),(26,'Taiwan','PwrIndx: 0.4008','TW','tw'),(27,'Ukraine','PwrIndx: 0.4457','UA','ua'),(28,'Algeria','PwrIndx: 0.4659','DZ','dz'),(29,'South Africa','PwrIndx: 0.4985','ZA','za'),(30,'Switzerland','PwrIndx: 0.5259','CH','ch'),(31,'Norway','PwrIndx: 0.5277','NO','no'),(32,'Sweden','PwrIndx: 0.5304','SE','se'),(33,'Greece','PwrIndx: 0.5311','GR','gr'),(34,'Czechia','PwrIndx: 0.5531','#N/A','#N/A'),(35,'Myanmar','PwrIndx: 0.5691','MM','mm'),(36,'Netherlands','PwrIndx: 0.5919','NL','nl'),(37,'Colombia','PwrIndx: 0.6045','CO','co'),(38,'Mexico','PwrIndx: 0.6065','MX','mx'),(39,'Romania','PwrIndx: 0.6177','RO','ro'),(40,'Peru','PwrIndx: 0.6219','PE','pe'),(41,'Venezuela','PwrIndx: 0.6449','VE','ve'),(42,'Nigeria','PwrIndx: 0.6485','NG','ng'),(43,'Argentina','PwrIndx: 0.6521','AR','ar'),(44,'Malaysia','PwrIndx: 0.6546','MY','my'),(45,'United Arab Emirates','PwrIndx: 0.7034','AE','ae'),(46,'Bangladesh','PwrIndx: 0.7066','BD','bd'),(47,'Chile','PwrIndx: 0.7668','CL','cl'),(48,'Philippines','PwrIndx: 0.7852','PH','ph'),(49,'Denmark','PwrIndx: 0.7878','DK','dk'),(50,'Iraq','PwrIndx: 0.7911','IQ','iq'),(51,'Singapore','PwrIndx: 0.7966','SG','sg'),(52,'Uzbekistan','PwrIndx: 0.8086','UZ','uz'),(53,'Belarus','PwrIndx: 0.8179','BY','by'),(54,'Hungary','PwrIndx: 0.8215','HU','hu'),(55,'Syria','PwrIndx: 0.8241','SY','sy'),(56,'Angola','PwrIndx: 0.8379','AO','ao'),(57,'Morocco','PwrIndx: 0.8408','MA','ma'),(58,'Slovakia','PwrIndx: 0.8466','SK','sk'),(59,'Finland','PwrIndx: 0.8498','FI','fi'),(60,'Ethiopia','PwrIndx: 0.8581','ET','et'),(61,'Portugal','PwrIndx: 0.8612','PT','pt'),(62,'Bulgaria','PwrIndx: 0.8916','BG','bg'),(63,'Kazakhstan','PwrIndx: 0.9098','KZ','kz'),(64,'Azerbaijan','PwrIndx: 0.9463','AZ','az'),(65,'Serbia','PwrIndx: 0.9479','RS','rs'),(66,'Austria','PwrIndx: 0.9568','AT','at'),(67,'Bolivia','PwrIndx: 0.9942','BO','bo'),(68,'Ecuador','PwrIndx: 1.0062','EC','ec'),(69,'Croatia','PwrIndx: 1.0183','HR','hr'),(70,'Belgium','PwrIndx: 1.0499','BE','be'),(71,'Democratic Republic of the Congo','PwrIndx: 1.1389','CD','cd'),(72,'Jordan','PwrIndx: 1.1441','JO','jo'),(73,'Cuba','PwrIndx: 1.2208','CU','cu'),(74,'Yemen','PwrIndx: 1.2412','YE','ye'),(75,'Oman','PwrIndx: 1.2514','OM','om'),(76,'Sudan','PwrIndx: 1.3017','SD','sd'),(77,'Turkmenistan','PwrIndx: 1.3292','TM','tm'),(78,'Afghanistan','PwrIndx: 1.3444','AF','af'),(79,'New Zealand','PwrIndx: 1.3684','NZ','nz'),(80,'Libya','PwrIndx: 1.3696','LY','ly'),(81,'Tunisia','PwrIndx: 1.4619','TN','tn'),(82,'Sri Lanka','PwrIndx: 1.4661','LK','lk'),(83,'Lithuania','PwrIndx: 1.4752','LT','lt'),(84,'Kenya','PwrIndx: 1.5287','KE','ke'),(85,'Kuwait','PwrIndx: 1.5701','KW','kw'),(86,'Uganda','PwrIndx: 1.6176','UG','ug'),(87,'Chad','PwrIndx: 1.6383','TD','td'),(88,'Zambia','PwrIndx: 1.6464','ZM','zm'),(89,'Georgia','PwrIndx: 1.6679','GE','ge'),(90,'Qatar','PwrIndx: 1.6703','QA','qa'),(91,'Zimbabwe','PwrIndx: 1.7577','ZW','zw'),(92,'Guatemala','PwrIndx: 1.8302','GT','gt'),(93,'Bahrain','PwrIndx: 1.8547','BH','bh'),(94,'Tajikistan','PwrIndx: 1.8661','TJ','tj'),(95,'Uruguay','PwrIndx: 1.8909','UY','uy'),(96,'Mali','PwrIndx: 1.8941','ML','ml'),(97,'Burkina Faso','PwrIndx: 1.9009','BF','bf'),(98,'Kyrgyzstan','PwrIndx: 1.9244','KG','kg'),(99,'Ireland','PwrIndx: 1.9481','IE','ie'),(100,'Slovenia','PwrIndx: 1.9496','SI','si'),(101,'Cameroon','PwrIndx: 1.9902','CM','cm'),(102,'Latvia','PwrIndx: 2.0145','LV','lv'),(103,'Niger','PwrIndx: 2.0153','NE','ne'),(104,'Ivory Coast','PwrIndx: 2.0236','CI','ci'),(105,'Mongolia','PwrIndx: 2.0299','MN','mn'),(106,'Ghana','PwrIndx: 2.0554','GH','gh'),(107,'Cambodia','PwrIndx: 2.0557','KH','kh'),(108,'Botswana','PwrIndx: 2.0582','BW','bw'),(109,'Tanzania','PwrIndx: 2.0651','TZ','tz'),(110,'Honduras','PwrIndx: 2.0943','HN','hn'),(111,'Armenia','PwrIndx: 2.1251','AM','am'),(112,'Moldova','PwrIndx: 2.1291','MD','md'),(113,'Paraguay','PwrIndx: 2.1898','PY','py'),(114,'Nicaragua','PwrIndx: 2.2747','NI','ni'),(115,'Albania','PwrIndx: 2.3137','AL','al'),(116,'Mozambique','PwrIndx: 2.3364','MZ','mz'),(117,'South Sudan','PwrIndx: 2.3501','SS','ss'),(118,'Lebanon','PwrIndx: 2.5193','LB','lb'),(119,'Estonia','PwrIndx: 2.5893','EE','ee'),(120,'Dominican Republic','PwrIndx: 2.7504','DO','do'),(121,'Republic of the Congo','PwrIndx: 2.9509','CG','cg'),(122,'Nepal','PwrIndx: 2.9891','NP','np'),(123,'Montenegro','PwrIndx: 2.9941','ME','me'),(124,'Mauritania','PwrIndx: 3.0477','MR','mr'),(125,'Madagascar','PwrIndx: 3.0869','MG','mg'),(126,'El Salvador','PwrIndx: 3.1291','SV','sv'),(127,'North Macedonia','PwrIndx: 3.1808','#N/A','#N/A'),(128,'Namibia','PwrIndx: 3.2817','NA','na'),(129,'Central African Republic','PwrIndx: 3.2889','CF','cf'),(130,'Gabon','PwrIndx: 3.3736','GA','ga'),(131,'Laos','PwrIndx: 3.4433','LA','la'),(132,'Panama','PwrIndx: 3.6537','PA','pa'),(133,'Bosnia and Herzegovina','PwrIndx: 3.8586','BA','ba'),(134,'Sierra Leone','PwrIndx: 4.2063','SL','sl'),(135,'Suriname','PwrIndx: 4.6042','SR','sr'),(136,'Somalia','PwrIndx: 4.6404','SO','so'),(137,'Liberia','PwrIndx: 5.5737','LR','lr'),(138,'Bhutan','PwrIndx: 10.1681','BT','bt');

/*Table structure for table `doctor_consultation` */

DROP TABLE IF EXISTS `doctor_consultation`;

CREATE TABLE `doctor_consultation` (
  `ID_DC` int(20) NOT NULL AUTO_INCREMENT,
  `ID_Dokter` int(20) DEFAULT NULL,
  `ID_User` int(20) DEFAULT NULL,
  `Date` date DEFAULT NULL,
  `Time` time DEFAULT NULL,
  `Keluhan` varchar(1000) DEFAULT NULL,
  `Picture` varchar(100) DEFAULT NULL,
  `Summary` text DEFAULT NULL,
  `Receipt` varchar(100) DEFAULT NULL,
  `Status` varchar(20) DEFAULT NULL,
  PRIMARY KEY (`ID_DC`),
  KEY `ID_Dokter` (`ID_Dokter`),
  KEY `ID_User` (`ID_User`),
  CONSTRAINT `doctor_consultation_ibfk_1` FOREIGN KEY (`ID_Dokter`) REFERENCES `dokter` (`ID_Dokter`),
  CONSTRAINT `doctor_consultation_ibfk_2` FOREIGN KEY (`ID_User`) REFERENCES `profile` (`ID_User`)
) ENGINE=InnoDB AUTO_INCREMENT=11 DEFAULT CHARSET=utf8mb4;

/*Data for the table `doctor_consultation` */

insert  into `doctor_consultation`(`ID_DC`,`ID_Dokter`,`ID_User`,`Date`,`Time`,`Keluhan`,`Picture`,`Summary`,`Receipt`,`Status`) values (2,2,2,'2020-09-17','10:30:00','iritasi mata',NULL,NULL,NULL,'New'),(3,3,3,'2020-09-18','15:00:00','migrain, gangguan otot',NULL,NULL,NULL,'New'),(4,1,1,'2020-10-09',NULL,'sakit kepala tak tertahankan',NULL,'Perlu banyak istirahat','f430901ab24cea6f2de26d6f84197c80.jpg','Done'),(5,1,3,'2020-10-09','08:00:00','sakit gigi',NULL,'Kurangi makan manis','1234e414d643cf93bb72a706cb96ecdb.jpg','Done'),(6,6,2,'2020-10-09','08:00:00','ASADAKHSLKHALSKHALKHSLKL',NULL,'obat batuk, tidak apa apa','e1593d9ef1321954a860450be944a085.jpg','Done'),(7,6,3,'2020-10-09','08:00:00','Haloo ijaisiau',NULL,'pusing terjasi karena ....','7ecda78bfc6ecd54659e30b13d96e18b.jpg','Done'),(8,1,1,'2020-11-11','18:00:00','sakit kepala, batuk, pilek','6b7deb401957f733cbe1f1768139949c.jpg','Perbanyak minum air putih','d50fffccbc351d2d8f3e20cba8e0c6e9.jpg','New'),(9,6,2,'2020-12-14','08:00:00','pusing, sesak nafas, batuk, pilek, demam','5c8bf187e5e61582cc39f82f5b30fb70.jpeg','Flu ringan perlu istirahat ','a0e0a55b1802a23e3b9b12ff9d11ef4a.jpg','New'),(10,6,2,'2020-12-14','18:00:00','sakit kepala',NULL,'Rutin minum obat',NULL,NULL);

/*Table structure for table `dokter` */

DROP TABLE IF EXISTS `dokter`;

CREATE TABLE `dokter` (
  `ID_Dokter` int(20) NOT NULL AUTO_INCREMENT,
  `Nama` varchar(30) DEFAULT NULL,
  `NPA_IDI` varchar(30) DEFAULT NULL,
  `Asal_IDI_Wilayah` varchar(30) DEFAULT NULL,
  `Spesialis` varchar(30) DEFAULT NULL,
  `Email` varchar(30) DEFAULT NULL,
  `Password` varchar(20) DEFAULT NULL,
  `No_HP` varchar(20) DEFAULT NULL,
  PRIMARY KEY (`ID_Dokter`)
) ENGINE=InnoDB AUTO_INCREMENT=20 DEFAULT CHARSET=utf8mb4;

/*Data for the table `dokter` */

insert  into `dokter`(`ID_Dokter`,`Nama`,`NPA_IDI`,`Asal_IDI_Wilayah`,`Spesialis`,`Email`,`Password`,`No_HP`) values (1,'Dr.Dea Lestari,Sp.PD','84537','Jakarta Selatan','Spesialis Penyakit Dalam','dealestari@gmail.com','dea123','081987654009'),(2,'Dr.Rio Gunawan, Sp.M','81334','Jakarta Barat','Spesialis Mata','riowan61@gmail.com','rio123','089097653991'),(3,'Dr.Dira Ayu, Sp.N','82907','Jakarta Timur','Spesialis Saraf','diraayu@gmail.com','dira123','082345789002'),(4,'Dr.Kiki Sp.kk','8756','Jakarta Utara','Spesialis Kulit dan Kelamin','kiki12@gmail.com','kiki123','085673901777'),(5,'Dr.Fidela Olivia Wijono,Sp.M','19636','Jakarta Timur','Spesialis Mata','fidelaoliv@gmail.com','fidela123','081546183957'),(6,'Dr.Faika Novadianaz,Sp.M','18556','Jakarta Pusat','Spesialis Mata','faikanova92@gmail.com','faika123','081640279018'),(7,'Dr.Ruli Andriyanto,Sp.PD','40188','Jakarta Utara','Spesialis Penyakit Dalam','ruliandri@gmail.com','ruli123','081651193680'),(8,'Dr.Annisa Sutera Insani,Sp.PD','12801','Jakarta Barat','Spesialis Penyakit Dalam','annisainsan@gmail.com','annisa123','089017389267'),(9,'Dr.Farih Raharjo,Sp.P','25225','Jakarta Selatan','Spesialis Paru','farihraharjo@gmail.com','farih123','085234567894'),(10,'Dr.Tamara Christine,Sp.P','73722','Jakarta Barat','Spesialis Paru','tamarachrist@gmail.com','tamara123','085087678246'),(11,'Dr.Rina Hayati,Sp.N','91981','Jakarta Pusat','Spesialis Saraf','rinahayati@gmail.com','rina123','089426718349'),(12,'Dr.Imam Nugroho,Sp.N','14011','Jakarta Barat','Spesialis Saraf','imamnugroho@gmail.com','imam123','081546378904'),(13,'Dr.Fiona Widyasari,Sp.THT','93185','Jakarta Timur','Spesialis THT','fionasari@gmail.com','fiona123','081463748930'),(14,'Dr.Ibnu Hajar Prastiawan,Sp.TH','79510','Jakarta Pusat','Spesialis THT','ibnuhajar@gmail.com','ibnu123','081654389402'),(15,'Dr.Andi Heryono MPH','24619','Jakarta Selatan','Dokter Umum','andiheryono@gmail.com','andi123','085487290304'),(16,'Dr.Ina Julita Sitepu','15190','Jakarta Barat','Dokter Umum','inajulita@gmail.com','ina123','085462478834'),(17,'Dr.Andi Muhammad Bayu','47191','Jakarta Utara','Dokter Umum','andibayu@gmail.com','bayu123','081678327453'),(18,'Drg.Teguh Wibowo','35251','Jakarta Timur','Dokter Gigi','teguhwibowo@gmail.com','teguh123','085356829903'),(19,'Drg.Oscar Hendriono','82931','Jakarta Selatan','Dokter Gigi','oscar12@gmail.com','oscar123','087436783299');

/*Table structure for table `emergency_calls` */

DROP TABLE IF EXISTS `emergency_calls`;

CREATE TABLE `emergency_calls` (
  `ID_ECL` int(20) NOT NULL AUTO_INCREMENT,
  `ID_User` int(20) DEFAULT NULL,
  `Date` date DEFAULT NULL,
  `Latitude` varchar(30) DEFAULT NULL,
  `Longitude` varchar(30) DEFAULT NULL,
  `Evidence` varchar(50) DEFAULT NULL,
  `Summary` varchar(1000) DEFAULT NULL,
  `Status` varchar(20) DEFAULT NULL,
  `Solved_Summary` varchar(1000) DEFAULT NULL,
  `Solved_Evidence` varchar(1000) DEFAULT NULL,
  `Solved_By` varchar(30) DEFAULT NULL,
  PRIMARY KEY (`ID_ECL`),
  KEY `ID_User` (`ID_User`),
  CONSTRAINT `emergency_calls_ibfk_1` FOREIGN KEY (`ID_User`) REFERENCES `profile` (`ID_User`)
) ENGINE=InnoDB AUTO_INCREMENT=10 DEFAULT CHARSET=utf8mb4;

/*Data for the table `emergency_calls` */

insert  into `emergency_calls`(`ID_ECL`,`ID_User`,`Date`,`Latitude`,`Longitude`,`Evidence`,`Summary`,`Status`,`Solved_Summary`,`Solved_Evidence`,`Solved_By`) values (2,1,NULL,'-7.9492888','112.65607209999999','48d1b0cbbf25aea1563e0fa142b831a3.jpg','luka tembak','Completed','sudah dilakukan pertolongan pertama','eb8fa86d37d84aa535dd26cd831a1f57.jpg','1'),(3,1,'2020-10-05','-7.9492888','112.65607209999999','48d1b0cbbf25aea1563e0fa142b831a3.jpg','terjadi kecelakaan pada titik ini ','In Progress','sudah dilakukan pertolongan pertama',NULL,'3'),(6,1,'2020-12-14','-6.2959704','106.685136','deb24ea40a673bce29a6545a91df8db6.jpeg','kecelakaan dengan luka tembak serius. Luka tembak pada lengan atas','Completed','Telah dilakukan pertolongan pertama dengan pembalutan luka tembak','f1ec093baf2ac9b3a82c24c9fb5d9f81.jpg','6'),(7,1,'2020-12-15','-6.2959704','112.65607209999999','deb24ea40a673bce29a6545a91df8db6.jpeg','luka parah','In Progress','sudah dilakukan pertolongan pertama',NULL,'3'),(8,1,'2020-12-15','-7.9492888','106.685136','deb24ea40a673bce29a6545a91df8db6.jpeg','terkena tusukan senjata tajam','In Progress','sudah dilakukan pertolongan pertama',NULL,'3'),(9,1,'2020-12-15','-6.2959704','106.685136','deb24ea40a673bce29a6545a91df8db6.jpeg','luka tembak','In Progress','sudah dilakukan pertolongan pertama',NULL,'3');

/*Table structure for table `emergency_contacts` */

DROP TABLE IF EXISTS `emergency_contacts`;

CREATE TABLE `emergency_contacts` (
  `ID_EC` int(20) NOT NULL AUTO_INCREMENT,
  `nama_rumah_sakit` varchar(100) DEFAULT NULL,
  `jenis_rumah_sakit` varchar(100) DEFAULT NULL,
  `alamat_rumah_sakit` varchar(225) DEFAULT NULL,
  `kelurahan` varchar(100) DEFAULT NULL,
  `kecamatan` varchar(100) DEFAULT NULL,
  `kota/kab_administrasi` varchar(100) DEFAULT NULL,
  `kode_pos` int(10) DEFAULT NULL,
  `nomor_telepon` varchar(13) DEFAULT NULL,
  `nomor_fax` varchar(20) DEFAULT NULL,
  `website` varchar(100) DEFAULT NULL,
  `email` varchar(30) DEFAULT NULL,
  PRIMARY KEY (`ID_EC`)
) ENGINE=InnoDB AUTO_INCREMENT=190 DEFAULT CHARSET=utf8mb4;

/*Data for the table `emergency_contacts` */

insert  into `emergency_contacts`(`ID_EC`,`nama_rumah_sakit`,`jenis_rumah_sakit`,`alamat_rumah_sakit`,`kelurahan`,`kecamatan`,`kota/kab_administrasi`,`kode_pos`,`nomor_telepon`,`nomor_fax`,`website`,`email`) values (1,'Rumah Sakit Umum Jakarta Pusat','Suku Dinas Kesehatan Jakarta Pusat','Jl. Percetakan Negara No. 82','Rawasari','Cempaka Putih','Jakarta Pusat',10560,'021-4247306, ','021-4241194','',''),(2,'Tarakan','Rumah Sakit Umum Daerah','Jl. Kyai Caringin No. 7','Cideng','Gambir','Jakarta Pusat',10150,'021-3503150, ','021-3503412, 021-386','https://www.rstarakanjakarta.com','rsd_tarakan@yahoo.com'),(3,'DR. Mintohardjo','Rumah Sakit Umum TNI - Angkatan Laut','Jl. Bendungan Hilir No. 17','Bendungan Hilir','Tanah Abang','Jakarta Pusat',10210,'021-5703081, ','021-5711997','https://www.rsaldrmintohardjo.com','rsalmintohardjo@ymail.com'),(4,'Sahid Sahirman','Rumah Sakit Umum','Jl. Jenderal Sudirman Kavling 86','Karet Tengsin','Tanah Abang','Jakarta Pusat',10220,'021-5704591, ','021-5705505, 021-572','https://www.ssmh.co.id','information@ssmh.co.id'),(5,'PGI Cikini','Rumah Sakit Umum','Jl. Raden Saleh No. 40 ','Cikini','Menteng','Jakarta Pusat',10330,'021-38997777','021-31924663, 021-31','https:// www.rscikini.com','tedjowa@yahoo.com, mail@rsciki'),(6,'Menteng Mitra Afia','Rumah Sakit Umum','Jl. Kali Pasir  No. 9','Kebon Sirih','Menteng','Jakarta Pusat',10340,'021-3154050','021-3146309','https://www.rsmentengmitraafia.com','panela_ramadita@yahoo.com, rsm'),(7,'Abdi Waluyo','Rumah Sakit Umum','Jl. HOS Cokroaminoto  Nomor 31-33','Gondangdia','Menteng','Jakarta Pusat',10350,'021-3144989','021-31930866','','dr.migot@yahoo.co.id'),(8,'Bunda Jakarta','Rumah Sakit Umum','Jl. Teuku Cik Ditiro No. 21','Gondangdia','Menteng','Jakarta Pusat',10350,'021-3909692, ','021-3101077','https://www.bunda.co.id','bundahospital@bunda.co.id, inf'),(9,'Gatot Soebroto','Rumah Sakit Umum Pusat Angkatan Darat','Jl. Dr. Abdul Rachman Saleh 24','Senen','Senen','Jakarta Pusat',10410,'021-3441008','021-3440693','','rspadgatsu@pdpersi.co.id'),(10,'Dr. Cipto Mangunkusumo','Rumah Sakit Umum Pusat Nasional','Jl. Diponegoro No. 71','Kenari','Senen','Jakarta Pusat',10430,'021-3918301','021-3148991','https://www.rscm.co.id','perbendaharaan.rscm@yahoo.com,'),(11,'Moh Ridwan Meuraksa','Rumah Sakit Tk. II','Jl. Kramat Raya  No. 174','Kenari','Senen','Jakarta Pusat',10430,'021-3150535, ','021-3916888','','tanjung_widia@yahoo.com, rsmrm'),(12,'Kramat 128','Rumah Sakit Umum','Jl. Kramat Raya  Nomor 128','Kenari','Senen','Jakarta Pusat',10430,'021-3909513, ','021-3909125','https://www.rskramat128.com','dyah.agustina.w@gmail.com, inf'),(13,'PK. St. Carolus ','Rumah Sakit Umum','Jl. Salemba Raya No. 41','Paseban','Senen','Jakarta Pusat',10440,'021-3904441','021-3103226','https://www.rscarolus.or.id','markus_wasesa@yahoo.com, scaro'),(14,'Moh. Husni Thamrin Salemba','Rumah Sakit Umum','Jl. Salemba Tengah 26 - 28','Paseban','Senen','Jakarta Pusat',10440,'021-3904422 E','021-3107816, 021-230','https://www.thamrinhospital.com','info@thamrinhospital.com'),(15,'Islam Jakarta Cempaka Putih','Rumah Sakit Umum','Jl. Cempaka Putih Tengah I / 1','Cempaka Putih Timur','Cempaka Putih','Jakarta Pusat',10510,'021-42801567,','021-4206681','https://www.rsi.co.id','rsijpusat@rsi.co.id, rsij@cbn.'),(16,'Pertamina Jaya','Rumah Sakit Umum','Jl. Achmad Yani No. 2, By Pass','Cempaka Putih Timur','Cempaka Putih','Jakarta Pusat',10510,'021-4211911','021-4211913','https://www.rspj.co.id','pertamedika.rspj@gmail.com'),(17,'Evasari','Rumah Sakit Umum','Jl. Rawamangun  Nomor 47','Rawasari','Cempaka Putih','Jakarta Pusat',10570,'021-4202851, ','021-4209725','https://www.evasari-jakarta.awalbros.com','info@rsia_evasari@yahoo.com, m'),(18,'Hermina Kemayoran','Rumah Sakit Umum','Jl. Selangit Blok B-10 Kav. No.4','Gunung Sahari Selatan','Kemayoran','Jakarta Pusat',10610,'021-22602525','021-22602888','https://www.hweminahospitalgroup.com','podomoro@rsiahermina.com'),(19,'Mitra Kemayoran','Rumah Sakit Umum','Jl. Landas Pacu Timur','Kebon Kosong','Kemayoran','Jakarta Pusat',10630,'021-6545555','021-6545959','https://www.mitrakemayoran.com','kemayoran@mitrakeluarga.com'),(20,'Husada ','Rumah Sakit Umum','Jl. Raya Mangga Besar Raya 137 - 139','Mangga Dua Selatan','Sawah Besar','Jakarta Pusat',10730,'021-6260208, ','021-6497494','https://www.husada.co.id','husada@husada.co.id'),(21,'Budi Kemuliaan ','Rumah Sakit Khusus Ibu dan Anak','Jl. Budi Kemuliaan No. 25 ','Gambir','Gambir','Jakarta Pusat',10110,'021-3842828','021-3501012','https://www.rsbbudikemiaan.com','rsbbudi@indo.net.id'),(22,'Prof  Nizar ','Rumah Sakit Khusus Telinga Hidung Tenggorokan','Jl. Kesehatan Raya  Nomor 9','Petojo Selatan','Gambir','Jakarta Pusat',10160,'021-3843598, ','021-34834982','','rsprofnizar@yahoo.co.id'),(23,'TNI-AL R.E. Martadinata','Rumah Sakit Khusus Gigi & Mulut','Jl. Farmasi No. 1','Bendungan Hilir','Tanah Abang','Jakarta Pusat',10210,'021-5733026','021-5732701','','pro.jakarta@inhealth.co.id'),(24,'Bina Estetika','Rumah Sakit Khusus Bedah','Jl. Teuku Cik Ditiro  Nomor 41','Menteng','Menteng','Jakarta Pusat',10310,'021-3909393','021-3155258','','binaes@rad.net.id, rsbe-binaes'),(25,'Jakarta Eye Center Menteng','Rumah Sakit Khusus Mata','Jl. Teuku Cik Ditiro  Nomor 46','Menteng','Menteng','Jakarta Pusat',10310,'021-335600, 0','021-3904601','https://www.jakarta-eye-center.com','jec@jec.co.id'),(26,'Proklamasi','Rumah Sakit Khusus Telinga Hidung Tenggorokan','Jl. Proklamasi  Nomor 43 ','Pegangsaan','Menteng','Jakarta Pusat',10320,'021-3900002','021-3900947','https://www.rs-proklamasi.co.id','admin@rs-proklamasi.co.id'),(27,'Tambak','Rumah Sakit Khusus Ibu dan Anak','Jl. Tambak No. 18','Pegangsaan','Menteng','Jakarta Pusat',10320,'021-2303444','021-3902550','https://www.rsiatambak.com','we_care@rsiatambak.com'),(28,'YPK Mandiri','Rumah Sakit Khusus Ibu dan Anak','Jl. Gereja Theresia No. 22','Gondangdia','Menteng','Jakarta Pusat',10350,'021-3909725','021-3909806','https://www.rsiaypkmandiri.com','marketing@rsiaypkmandiri.com'),(29,'Bunda Jakarta','Rumah Sakit Khusus Ibu dan Anak','Jl. Teuku Cik Ditiro No. 28','Gondangdia','Menteng','Jakarta Pusat',10350,'021-3909692','021-3101077','https://www.bunda.co.id','bundahospital@bunda.co.id, rsb'),(30,'FKG Universitas Indonesia','Rumah Sakit Khusus Gigi & Mulut','Jl. Salemba Raya No.4','Kenari','Senen','Jakarta Pusat',10430,'021-213916858','','','rsgm_fkgui@yahoo.com'),(31,'Salemba Satu Medika','Rumah Sakit Khusus Bedah','Jl. Salemba I  No. 11 - 13','Paseban','Senen','Jakarta Pusat',10430,'021-3913336','021-3926687','https://www.ssmedika.co.id','info@ssmedika.co.id'),(32,'Yarsi','Rumah Sakit Khusus Gigi & Mulut','Jl. Letjen Suprapto Kav. 13','Cempaka Putih Timur','Cempaka Putih','Jakarta Pusat',10510,'','','',''),(33,'Rumah Sakit Umum Jakarta Utara','Suku Dinas Kesehatan Jakarta Utara','Jl. Yos Sudarso No. 27-29 / Gedung Walikota Lt. 7','Kebon Bawang','Tanjung Priok','Jakarta Utara',14320,'021-4301124','021-4371741','',''),(34,'Islam Jakarta Sukapura','Rumah Sakit Umum','Jl. Tipar - Cakung No. 5','Sukapura','Cilincing','Jakarta Utara',14140,'021-4400778, ','021-4400782, 021-448','https://www.rsijsukapura@.co.id','rsijsukapura@gmail.com'),(35,'Pekerja','Rumah Sakit Umum','Jl. Raya Cakung Cilincing, RT.002/RW.003 ','Sukapura','Cilincing','Jakarta Utara',14140,'021-29484848','021-29482875','https://www.kbn.co.id','rsu.pekerja@gmail.com'),(36,'Firdaus','Rumah Sakit Umum','Jl. Siak J 5 No. 14 - Komplek Bea Cukai','Sukapura','Cilincing','Jakarta Utara',14140,'021-4407322','021-4400063','','tiar63@yahoo.co.id'),(37,'Koja','Rumah Sakit Umum Daerah','Jl. Deli No. 4  Tanjung Priok','Koja','Koja','Jakarta Utara',14220,'021-43938478','021-4352401, 021-437','https://www.rsudkoja.com','RSUDKOJA@ymail.com, rsudkoja@y'),(38,'Mitra Keluarga Kelapa Gading','Rumah Sakit Umum','Jl. Bukit Gading Raya Kav. II','Kelapa Gading Barat','Kelapa Gading','Jakarta Utara',14240,'021-45852700','021-45852727','https://www.mitrakeluarga.com','kelapagading@mitrakeluarga.com'),(39,'Gading Pluit','Rumah Sakit Umum','Jl. Boulevard Timur Raya RT. 006 / 02','Pegangsaan Dua','Kelapa Gading','Jakarta Utara',14250,'021-4521001,0','021-4520578','','gadingpluit@gadingpluit-hospit'),(40,'Pelabuhan Jakarta','Rumah Sakit Umum','Jl. Kramat Jaya, Tanjung Priok','Tugu Utara','Koja','Jakarta Utara',14260,'021-4403026','021-4403551, 021-440','https://www.rspelabuhan.com','marketing.rspj@gmail.com'),(41,'Mulyasari','Rumah Sakit Umum','Jl. Raya Plumpang Semper No. 19','Tugu Utara','Koja','Jakarta Utara',14260,'021-4390666, ','021-43935676','https://www.rsmulyasari.com','info@rsmulyasari.com'),(42,'Port Medical Center','Rumah Sakit Umum','Jl. Enggano No. 10','Tanjung Priok','Tanjung Priok','Jakarta Utara',14310,'021-43902350','021-43902302','','tienastari_jpkm@yahoo.com'),(43,'Sukmul Sisma Medika','Rumah Sakit Umum','Jl. Tawes No. 18-20 ','Tanjung Priok','Tanjung Priok','Jakarta Utara',14310,'021-4301269','021-4301272','','sriha36@gmail.com, sukmul@indo'),(44,'Puri Medika','Rumah Sakit Umum','Jl Sungai Bambu Raya  No. 5','Sungai Bambu','Tanjung Priok','Jakarta Utara',14330,'021-43903355,','021-43903388','https://www.purimdika.com','purmed-medcen@centrin.net.id'),(45,'Satya Negara','Rumah Sakit Umum','Jl. Agung Utara Raya Blok A No. 1','Sunter Agung','Tanjung Priok','Jakarta Utara',14350,'021-65836583,','021-687813, 021-6471','https://www.rssatyanegara.com','hrd@rssatyanegara.com, chitra_'),(46,'Royal Progress','Rumah Sakit Umum','Jl. Danau Sunter Utara Blok F 25 No. 12','Sunter Agung','Tanjung Priok','Jakarta Utara',14350,'021-6459877, ','021-6400778','https://www.royalprogress.com','setdir.rssn@gmail.com, ask.us@'),(47,'Atma Jaya','Rumah Sakit Umum','Jl. Pluit Raya No. 2','Pejagalan','Penjaringan','Jakarta Utara',14440,'021-6606121, ','021-6606122','','rsatmajaya@pdpersi.co.id'),(48,'Pluit','Rumah Sakit Umum','Jl. Raya Pluit Selatan No. 2','Penjaringan','Penjaringan','Jakarta Utara',14440,'021-6685006, ','021-6684878','https://www.pluit-hospital.com','pluithospital@pluit-hospital.c'),(49,'Duta Indah','Rumah Sakit Umum','Jl. Teluk Gong Raya  Nomor 12','Pejagalan','Penjaringan','Jakarta Utara',14450,'021-66676188','021-666676190','','info@rsdutaindah.com'),(50,'Pantai Indah Kapuk','Rumah Sakit Umum','Jl. Pantai Indah Utara 3 Sektor Utara Timur Blok T','Kapuk Muara','Penjaringan','Jakarta Utara',14460,'021-5880911','021-5880910','https://www.pikhospital.co.id','pr@pikhospital.co.id'),(51,'Santo Yusuf','Rumah Sakit Khusus Ibu dan Anak','Jl. Ganggeng Raya No.9','Sungai Bambu','Tanjung Priok','Jakarta Utara',14330,'021-43931880','021-4361330','','rsbst.yusuf@gmail.com'),(52,'Prof.Sulianti Saroso','Rumah Sakit Khusus Penyakit Infeksi','Jl. Sunter Permai Raya','Papanggo','Tanjung Priok','Jakarta Utara',14340,'021-6506559, ','021-6401411','https://www.rspi-suliantisaroso.com','info@rspi-suliantisaroso.co.id'),(53,'Family','Rumah Sakit Khusus Ibu dan Anak','Pluit Mas I Blok A No. 2A - 5A','Pejagalan','Penjaringan','Jakarta Utara',14450,'021-6695639','021-6615563','https://www.rsiafamily.com','sekretariat@rsiafamily.com'),(54,'Grand Family','Rumah Sakit Khusus Ibu dan Anak','Jl. Pantai Indah Selatan I Komp. Elang Laut Boulevard Kav.I No.1','Kamal Muara','Penjaringan','Jakarta Utara',14470,'021-29673755,','','','sekretaris@rsiagrandfamily.com'),(55,'Rumah Sakit Umum Jakarta Barat','Suku Dinas Kesehatan Jakarta Barat','Jl. Raya Kermbangan No.2','Kembangan Selatan','Kembangan','Jakarta Barat',11610,'021-58356225','021-58356224, 021-58','',''),(56,'Pelni','Rumah Sakit Umum','Jl. Aipda K.S. Tubun No. 92-94','Slipi','Pal Merah','Jakarta Barat',11410,'021-5480608','021-5483145','','rspelni@yahoo.com'),(57,'Bhakti Mulia','Rumah Sakit Umum','Jl. Aipda K. S. Tubun No. 79','Slipi - Petamburan','Pal Merah','Jakarta Barat',11410,'021-5481625, ','021-5331544','','rs.bhaktimulia@yahoo.co.id'),(58,'Sumber Waras ','Rumah Sakit Umum','Jl. Kyai Tapa No. 1','Tomang','Grogol Petamburan','Jakarta Barat',11440,'021-5682011, ','021-5673122','https://www.rssumberwaras.com','bambang.heri@gmail.com, sumber'),(59,'Ibnu Sina','Rumah Sakit Umum','Jl. Nurdin I  No. III  RT.008 / RW.07','Grogol','Grogol Petamburan','Jakarta Barat',11450,'021-5670139','021-5670118','https://www.rsiaibnusina.blogspot.com','rsia.ibnusina@gmail.com'),(60,'Royal Taruma','Rumah Sakit Umum','Jl. Daan Mogot  No. 34','Tanjung Duren Utara','Grogol Petamburan','Jakarta Barat',11470,'021-56958338,','021-56958589','https://www.rs-royaltaruma.com','direksi@rs-royaltaruma.com'),(61,'Patria IKKT','Rumah Sakit Umum','Jl. Cendrawasih Nomor 1 Komp.Dep.Han, Mabes TNI  Slipi','Kemanggisan','Pal Merah','Jakarta Barat',11480,'021-5308981, ','021-5346387','','patria_ikkt@yahoo.co.id'),(62,'Bina Sehat Mandiri ','Rumah Sakit Umum','Jl. Duri Raya  Nomor 22','Duri Kepa','Kebon Jeruk','Jakarta Barat',11510,'021-5658870, ','021-5603531','','rsiabsm@yahoo.co.id'),(63,'Puri Mandiri Kedoya','Rumah Sakit Umum','Jl. Kedoya Raya / Al-Kamal No. 2','Kedoya Selatan','Kebon Jeruk','Jakarta Barat',11520,'021-5802126, ','021-5816185, 021-582','','custmerservica@rspurimandirike'),(64,'Grha Kedoya','Rumah Sakit Umum','Jl. Panjang Arteri 26','Kedoya Utara','Kebon Jeruk','Jakarta Barat',11520,'021-56982222,','021-56982233','https://www.grhakedoya.com','info@grhakedoya.com'),(65,'Siloam Kebon Jeruk','Rumah Sakit Umum','Jl. Raya Pejuangan  Kavling 8','Kebun Jeruk','Kebon Jeruk','Jakarta Barat',11530,'021-5300887, ','021-5321766','https://www.siloamhospital.com','info@siloamhospitals.com'),(66,'Medika Permata Hijau','Rumah Sakit Umum','Jl. Raya Kebayoran Lama No. 64 ','Sukabumi Selatan','Kebon Jeruk','Jakarta Barat',11560,'021-5347411, ','021-5305291','https://www.rsmph.co.id','mph-mkt@rad.net.id'),(67,'Pondok Indah - Puri Indah','Rumah Sakit Umum','Jl. Puri Indah Raya  Blok S-2','Kembangan Selatan','Kembangan','Jakarta Barat',11610,'021-25695222,','021-25695202, 021-25','https://www.rspondokindah.co.id','rspi@rspondokindah.co.id'),(68,'Cinta Kasih Tzu Chi','Rumah Sakit Umum','Jl. Kamal Raya  Outer Ring Road','Cengkareng Timur','Cengkareng','Jakarta Barat',11730,'021-55956850','021-55951985, 021-55','','rskb_tzuchi@yahoo.com, tonikri'),(69,'Cengkareng','Rumah Sakit Umum Daerah','Jl. Kamal Raya, Bumi Cengkareng Indah','Cengkareng Timur','Cengkareng','Jakarta Barat',11730,'021-5442692, ','021-54372884, 021-54','https://www.rsudcengkareng.com','ssugino@ymail.com, hafifahany@'),(70,'Ciputra Citra Garden','Rumah Sakit Umum','Jl. Boulevard Blok G-01/01 Citra 5 Garden City','Pegadungan','Kalideres','Jakarta Barat',11830,'021-22557888','','',''),(71,'Hermina Daan Mogot','Rumah Sakit Umum','Jl. Kintamani Raya No. 2, Kawasan Daan Mogot Baru','Kalideres','Kalideres','Jakarta Barat',11840,'021-5408989, ','021-5449869','https://www.herminahospitalgroup.com','daanmogot@herminahospitalgroup'),(72,'Mitra Keluarga Kalideres','Rumah Sakit Umum','Jl. Peta Selatan 1','Semanan','Kalideres','Jakarta Barat',11850,'021-22523700,','021-22523702','','kalideres@mitrakeluarga.com'),(73,'Aries','Rumah Sakit Khusus Ibu dan Anak','Jl. Tanah Sereal VII  Nomor 9','Tanah Sereal','Tambora','Jakarta Barat',11210,'021-6496524, ','021-6497506, 021-659','','rsia_aries@yahoo.com'),(74,'Dharmais','Rumah Sakit Khusus Kanker','Jl. Letjen S. Parman Kav. 84-86','Kota Bambu Selatan','Pal Merah','Jakarta Barat',11420,'021-5681570','021-5681579, 021-568','https://www.dharmais.co.id','elfira_zaenal@yahoo.com, dharm'),(75,'Harapan Kita','Rumah Sakit Anak dan Bunda','Jl. Letjen S. Parman Kav. 87, Slipi','Kota Bambu Utara','Pal Merah','Jakarta Barat',11420,'021-5668284','021-5601816, 021-560','https://www.rsabhk.co.id','didi.danukusumo@gmail.com, inf'),(76,'Harapan Kita ','Rumah Sakit Khusus Jantung dan Pembuluh Darah','Jl. Letjen S. Parman Kav. 87','Kota Bambu Utara','Pal Merah','Jakarta Barat',11420,'021-5684085, ','021-5684130, 021-568','https://www.pjnhk.go.id','info@pjnhk.go.id'),(77,'FKG Universitas Trisakti','Rumah Sakit Khusus Gigi & Mulut','Jl. Kyai Tapa No. ','Tomang','Grogol Petamburan','Jakarta Barat',11440,'021-5663232','021-564 4270','','rsgmfkgusakti@gmail.com'),(78,'Dr.Soeharto Heerdjan','Rumah Sakit Khusus Jiwa','Jl. Prof. Dr. Latumeten No. 1','Jelambar','Grogol Petamburan','Jakarta Barat',11460,'021-5682841, ','021-5682842, 021-563','https://www.rsjsh.com','keliek_marwanto@yahoo.co.id'),(79,'Jakarta Eye Center Kedoya','Rumah Sakit Khusus Mata','Jl. Terusan Arjuna Utara I No.1','Kedoya Selatan','Kebon Jeruk','Jakarta Barat',11530,'','','','jec@jakarta_eye_center.com'),(80,'Anggrek Mas','Rumah Sakit Khusus Ibu dan Anak','Jl. Anggrek  Nomor 2 B  RT.009 / RW.02','Kelapa Dua','Kebon Jeruk','Jakarta Barat',11550,'021-5305720, ','021-53672019','https://www.rsbanggrekmas.com','info@rsbanggrekmas.com'),(81,'Yasa Husada','Rumah Sakit Khusus Ibu dan Anak','Jl. Duri Kosambi Raya','Duri Kosambi','Cengkareng','Jakarta Barat',11750,'021-54373583','021-5437 4355','',''),(82,'Rumah Sakit Umum Jakarta Selatan','Suku Dinas Kesehatan Jakarta Selatan','Jl. Radio I No. 8','Kebayoran Baru','Kebayoran Baru','Jakarta Selatan',12130,'021-7395287, ','021-7211410, 021-725','',''),(83,'Pusat Pertamina ','Rumah Sakit Umum','Jl. Kyai Maja No. 43','Gunung','Kebayoran Baru','Jakarta Selatan',12120,'021-7219202, ','021-7209811, 021-720','https://www.rspp.co.id','dr.maulana@gmail.com, syafik_a'),(84,'Muhammadiyah Taman Puring','Rumah Sakit Umum','Jl. Gandaria I / 20','Kramat Pela','Kebayoran Baru','Jakarta Selatan',12130,'021-7208358, ','021-7234823','https://www.rsiamtp.com','rsiamtp@rsiamtp.com'),(85,'Gandaria','Rumah Sakit Umum','Jl. Gandaria Tengah II No. 6 - 14','Kramat Pela','Kebayoran Baru','Jakarta Selatan',12140,'021-7250718, ','021-7248175, 021-722','','rsgandaria@gmail.com'),(86,'Yadika Kebayoran Lama','Rumah Sakit Umum','Jl. Ciputat Raya  Nomor 5','Kebayoran Lama Selatan','Kebayoran Lama','Jakarta Selatan',12240,'021-7291074, ','021-72895046','','rsyadika@yahoo.com'),(87,'Petukangan','Rumah Sakit Umum','Jl. Ciledug Raya  Nomor 8 A','Petukangan Selatan','Pesanggrahan','Jakarta Selatan',12270,'021-7340906, ','021-73889956','','petukanganmedicalcentre@gmail.'),(88,'Pondok Indah - Pondok Indah','Rumah Sakit Umum','Jl. Metro Duta Kav. UE,  Pondok Indah','Pondok Pinang','Kebayoran Lama','Jakarta Selatan',12310,'021-7657525, ','021-7502324','https://www.rspondokindah.co.id','rspi@rspondokindah.co.id'),(89,'Bhayangkara Sespimma Polri','Rumah Sakit Umum','Jl. Ciputat Raya Nomor 40','Pondok Pinang','Kebayoran Lama','Jakarta Selatan',12310,'021-765038, 0','021-7666106','','rs.sespimma_polri@yahoo.co.id,'),(90,'Dr. Suyoto  Pusrehab Kemhan','Rumah Sakit Umum','Jl. R.C. Veteran No. 178','Bintaro','Pesanggrahan','Jakarta Selatan',12330,'021-7342581','021-77884000, 021-73','https://www.suyotohospital.com','pemasaranrsds@yahoo.com, humas'),(91,'Fatmawati ','Rumah Sakit Umum Pusat','Jl. RS. Fatmawati','Cilandak Barat','Cilandak','Jakarta Selatan',12430,'021-7660552, ','021-7690123, 021-750','https://www.fatmawatihospital.com','rsupf@fatmawatihospita.com'),(92,'Setia Mitra','Rumah Sakit Umum','Jl. RS Fatmawati No. 80 - 82','Cilandak Barat','Cilandak','Jakarta Selatan',12430,'021-7656000','021-7656875','','dwilaras_p@yahoo.com,  info@rs'),(93,'Siloam TB Simatupang','Rumah Sakit Umum','Jl. RA. Kartini No.8','Cilandak Barat','Cilandak','Jakarta Selatan',12430,'021-29531900','','https://www.siloamhospital.com','irna.hardiawan@siloamhospitals'),(94,'Mayapada','Rumah Sakit Umum','Jl. Lebak Bulus I  RT.006 / RW.004','Cilandak Barat','Cilandak','Jakarta Selatan',12440,'021-29217777','','','hospital@mayapadahospital.com'),(95,'Prikasih','Rumah Sakit Umum','Jl. RS. Fatmawati No. 74  RT.005 / RW.01','Pondok Labu','Cilandak','Jakarta Selatan',12450,'021-7501192, ','021-7505148','https:// www.rsprikasih.com ','prikasih@cbn.net.id'),(96,'Siaga Raya','Rumah Sakit Umum','Jl. Siaga Raya  Kavling 4 - 8','Pejaten Barat','Pasar Minggu','Jakarta Selatan',12510,'021-7972750, ','021-7970494','','rs_sigaraya@pdpersi.co'),(97,'Pasar Minggu','Rumah Sakit Umum Daerah','Jl. T.B Simatupang  Nomor 1  RT.001 / RW.005','Ragunan','Pasar Minggu','Jakarta Selatan',12550,'021-7808034','021-29407036','',''),(98,'Rumkital Marinir Cilandak','Rumah Sakit Umum','Jl. Raya Cilandak  KKO','Cilandak Timur','Pasar Minggu','Jakarta Selatan',12560,'021-7805296, ','021-7812764','','enytiar@yahoo.com, layanan@rsm'),(99,'Aulia','Rumah Sakit Umum','Jl. Jeruk Raya No. 15 RT. 0011 / RW. 01','Jagakarsa','Jagakarsa','Jakarta Selatan',12620,'021-7270208, ','021-7867847, 021-786','https://www.rsiaaulia.com','rsia_aulia@yahoo.co.id, market'),(100,'Ali Sibroh Malisi','Rumah Sakit Umum','Jl. Warung Silah  Nomor 1  RT.008 / RW.05','Cipedak','Jagakarsa','Jakarta Selatan',12630,'021-7868172, ','021-78885063','','md_azri@yahoo.com'),(101,'Zahirah','Rumah Sakit Umum','Jl. Sirsak No. 21','Jagakarsa','Jagakarsa','Jakarta Selatan',12690,'021-7872210, ','021-7270013','https://www.rszahirah.com','marketing@rszahirah.com'),(102,'Jakarta Medical Center','Rumah Sakit Umum','Jl. Warung Buncit Raya No. 15','Kalibata','Pancoran','Jakarta Selatan',12740,'021-7985177, ','021-7940838','','rs_jmc@cbn.net.id'),(103,'Siloam Asri','Rumah Sakit Umum','Jl. Duren Tiga Raya Nomor 20  RT.004 / RW.01','Duren Tiga','Pancoran','Jakarta Selatan',12760,'021-7992211','021-7996505','','info@urologi-asri.com'),(104,'Tria Dipa','Rumah Sakit Umum','Jl. Raya Pasar Minggu No. 3 A','Pancoran','Tebet','Jakarta Selatan',12780,'021-7974071, ','021-7974074','','customer@rs-triadipa.com'),(105,'Tebet','Rumah Sakit Umum','Jl. MT. Haryono No. 8','Pancoran','Tebet','Jakarta Selatan',12810,'021-8307540','021-8311760','','marketing@rstebet.com'),(106,'Jakarta','Rumah Sakit Umum','Jl. Jend. Sudirman Kav. 49 ','Karet Semanggi','Setiabudi','Jakarta Selatan',12930,'021-5732241','021-5710240, 021-571','','customer.relation@rsjakarta.co'),(107,'Metropolitan Medical Center','Rumah Sakit Umum','Jl. HR. Rasuna Said Kav. C-21 Kuningan','Karet Kuningan','Setiabudi','Jakarta Selatan',12940,'021-5203435','021-5203417','https://www.rsmmc.co.id','mmc@rsmmc.co.id'),(108,'Medistra','Rumah Sakit Umum','Jl. Jenderal Gatot Subroto Kav. 59','Kuningan Timur','Setiabudi','Jakarta Selatan',12950,'021-5210200','021-5210184','','customercare@medistra.com, med'),(109,'Agung','Rumah Sakit Umum','Jl. Sultan Agung  Nomor 67','Pasar Manggis','Setiabudi','Jakarta Selatan',12970,'021-8295971, ','021-8305791','','rsagung@pdpersi.co.id'),(110,'Brawijaya','Rumah Sakit Khusus Ibu dan Anak','Jl. Taman Brawijaya No. 1','Cipete Utara','Kebayoran Baru','Jakarta Selatan',12140,'021-7211337','021-7211364','','dwita.rakhmasari@brawijayahosp'),(111,'Asih','Rumah Sakit Khusus Ibu dan Anak','Jl. Panglima Polim I  Nomor 34','Melawai ','Kebayoran Baru','Jakarta Selatan',12160,'021-2700610','021-7254054','https://www.rsbasih.co.id',''),(112,'Dharmawangsa ','Rumah Sakit Khusus Jiwa','Jl. Dharmawangsa Raya No. 13  Blok P II','Pulo','Kebayoran Baru','Jakarta Selatan',12160,'021-7394484','021-7394162','https://www.dharmawangsa.org','sanatorium@dharmawangsa.org'),(113,'Ciranjang','Rumah Sakit Khusus Telinga Hidung Tenggorokan','Jl. Ciranjang  Nomor 20-22','Rawa Barat','Kebayoran Baru','Jakarta Selatan',12180,'021-7243366, ','021-7264038, 021-739','','info@rsciranjang.com'),(114,'Panti Nugraha','Rumah Sakit Khusus Ibu dan Anak','Jl. Senayan  Nomor 26','Rawa Barat','Kebayoran Baru','Jakarta Selatan',12180,'021-7221171, ','021-7221171, 021-722','','rumahsakit.pantinugroho@gmail.'),(115,'Kartini','Rumah Sakit Khusus Bersalin','Jl. Ciledug Raya No. 94 - 96','Cipulir','Kebayoran Lama','Jakarta Selatan',12230,'021-7245646','021-7230703','','cs@rskartini.co.id, hendra_jun'),(116,'Avisena','Rumah Sakit Khusus Ibu dan Anak','Jl. H. Rohimin  Nomor 30','Ulujami','Pesanggrahan','Jakarta Selatan',12250,'021-5853916','021-5871802','',''),(117,'FKG Universitas Prof. DR. Moestopo (B)','Rumah Sakit Khusus Gigi & Mulut','Jl. Bintaro Permai Raya  Nomor 3','Bintaro','Pesanggrahan','Jakarta Selatan',12330,'021-73885251,','021-73885251, 021-73','','fkg@moestopo.ac.id, admin@moes'),(118,'Kemang','Rumah Sakit Khusus Ibu dan Anak','Jl. Ampera Raya  Nomor 34','Ragunan','Pasar Minggu','Jakarta Selatan',12550,'021-27545454,','021-78843548','https://www.kemangmedicalcare.com','hri.isw@gmail.com'),(119,'Andhika','Rumah Sakit Khusus Ibu dan Anak','Jl. Warung Sila No.8 RT.006 / RW.04 Gudang Baru','Ciganjur','Jagakarsa','Jakarta Selatan',12630,'021-7863408, ','021-7874612','https://www.rsia-andhika.blogspot.com','rsia_andhika@yahoo.com'),(120,'Sofa Marwa','Rumah Sakit Khusus Ibu dan Anak','Jl. Bina Warga (MAN 7) RT.009/RW.07, Kalibata','Srengseng Sawah','Jagakarsa','Jakarta Selatan',12640,'021-7870160','021-7864329','',''),(121,'Duren Tiga','Rumah Sakit Khusus Ibu dan Anak','Jl. Duren Tiga Raya  Nomor 5','Pancoran','Pancoran','Jakarta Selatan',12760,'021-7993817, ','021-7901050','','info@rsbdt.com'),(122,'AINI Prof. DR. Isak Salim','Rumah Sakit Khusus Mata','Jl. H.R. Rasuna Said, Kuningan','Karet Setiabudi','Setiabudi','Jakarta Selatan',12920,'021-5256228','021-5224288','https://www.rsmataaini.co.id','info@rsmataaini.co.id'),(123,'MRCCC Siloam Hospital Semanggi','Rumah Sakit Khusus Kanker','Jl. Garnisun Kav. 2 - 3','Karet Semanggi','Setiabudi','Jakarta Selatan',12930,'021-57991779,','021-57992155, 021-29','https://www.siloamhospitals.com','melissa.luwia@siloamhospitals.'),(124,'Budhi Jaya','Rumah Sakit Khusus Ibu dan Anak','Jl. Dr. Saharjo No. 120','Menteng Atas','Setiabudi','Jakarta Selatan',12960,'021-8311722, ','021-8301901','','rsia@budhijaya.co.id'),(125,'Rumah Sakit Umum Jakarta Timur','Suku Dinas Kesehatan Jakarta Timur','Jl. Matraman Raya No. 218','Bali Mester','Jatinegara','Jakarta Timur',13310,'021-8190057, ','021-8506319','',''),(126,'Columbia Asia Pulomas','Rumah Sakit Umum','Jl. Kayu Putih Raya  No. 1  RT.003 / RW.016','Kayu Putih','Pulogadung','Jakarta Timur',13210,'021-47883199','021-29559477','https://www.rsadmira.com','customercare.pulomas@colombiaa'),(127,'Omni Medical Center','Rumah Sakit Umum','Jl. Pulomas Barat VI No.20','Kayu Putih','Pulogadung','Jakarta Timur',13210,'021-4723332, ','021-4718081','https://www.omni-hospitals.com','normariati70@yahoo.com'),(128,'Kartika Pulomas ','Rumah Sakit Umum','Jl. Pulomas Timur K. Nomor 2','Kayu Putih','Pulogadung','Jakarta Timur',13210,'021-4723402, ','021-4723402','','rs_kartika@yahoo.com'),(129,'Aneka Tambang Medika (Antam Medika)','Rumah Sakit Umum','Jl. Pemuda Raya No. 1A RT.002 / RW.07','Jatinegara Kaum','Pulogadung','Jakarta Timur',13210,'021-29378939,','021-29378960','https://www.antammedika.co.id','rumahsakit@antammedika.co.id'),(130,'Persahabatan ','Rumah Sakit Umum Pusat','Jl. Persahabatan Raya No.1','Pisangan Timur','Pulogadung','Jakarta Timur',13220,'021-4891708, ','021-4711222, 021-478','https://www.rsuppersahabatan.co.id','info@rsuppersahabatan.co.id'),(131,'Dharma Nugraha','Rumah Sakit Umum','Jl. Balai Pustaka Baru No. 19','Rawamangun','Pulogadung','Jakarta Timur',13220,'021-4707433, ','021-4707428','','dharmanugraha@yahoo.com'),(132,'Mediros','Rumah Sakit Umum','Jl. Perintis Kemerdekaan Kav. 149','Pulogadung','Pulogadung','Jakarta Timur',13260,'021-4721336, ','021-4891937, 021-489','https://www.rs-mediros.com','lumentagrace@yahoo.com, rsmedi'),(133,'Premier Jatinegara','Rumah Sakit Umum','Jl. Raya Jatinegara Timur No. 85 - 87','Rawa Bunga','Jatinegara','Jakarta Timur',13310,'021-2800666, ','021-2800755','https://www.ramsayhealth.co.id','rspremier.jatinegara@ramsayhea'),(134,'Hermina Jatinegara','Rumah Sakit Umum','Jl. Jatinegara Barat  Nomor 126 ','Kampung Melayu','Jatinegara','Jakarta Timur',13320,'021-8191223, ','021-8560601, 021-819','https://www.herminahospitalgroup.com','jatinegara@herminahospitalgrou'),(135,'Pengayoman Cipinang','Rumah Sakit Umum','Jl. Raya Bekasi Timur 170 B','Cipinang Besar Utara','Jatinegara','Jakarta Timur',13410,'0852 10432196','021-85909644','','rspengayoman.dki@gmail.com'),(136,'Yadika Pondok Bambu','Rumah Sakit Umum','Jl. Pahlawan Revolusi No. 47','Pondok Bambu','Duren Sawit','Jakarta Timur',13430,'021-8615754, ','021-8631708','','rsyadika@yahoo.co.id'),(137,'dr. Euis ','Rumah Sakit Umum','Jl. H. Naman No. 3','Pondok Kelapa','Duren Sawit','Jakarta Timur',13450,'021-86905347,','021-8656488','',''),(138,'Islam Jakarta Pondok Kopi','Rumah Sakit Umum','Jl. Raya Pondok Kopi','Pondok Kopi','Duren Sawit','Jakarta Timur',13460,'021-8610471, ','021-8611101','https://www.rsijpondokkopi.co.id','aliyus_k@yahoo.com, ariefb12@g'),(139,'Dik Pusdikkes Kodiklat TNI AD','Rumah Sakit Umum','Jl. Raya Bogor','Kramat Jati','Kramat Jati','Jakarta Timur',13510,'021-8092358, ','021-8092706, 021-808','https://www.pusdikkes.com','rs.dik.pusdikkes@gmail.com'),(140,'Bhayangkara Tk.I  R. Said Sukanto','Rumah Sakit Umum','Jl. RS Polri','Kramat Jati','Kramat Jati','Jakarta Timur',13510,'021-8093288','021-8094005','','rs_polri@pdpersi.co.id'),(141,'Al-Fauzan','Rumah Sakit Umum','Jl. Pedati Nomor 3  RT.005 / RW.07','Kampung Tengah','Kramat Jati','Jakarta Timur',13540,'021-8402821','021-87710318','https://www.jih.co.id','jakartaislamichospital@yahoo.c'),(142,'Haji Jakarta','Rumah Sakit Umum','Jl. Raya Pondok Gede No. 4','Pinang Ranti','Makasar','Jakarta Timur',13560,'021-8000693, ','021-80876209, 021-80','','keliek_marwanto@yahoo.co.id, r'),(143,'Pusat Angkatan Udara Dr. Esnawan Antariksa','Rumah Sakit Umum','Jl. Merpati No. 2,  Komplek Rajawali','Halim Perdanakusuma','Makasar','Jakarta Timur',13610,'021-8091716, ','021-8098665','','ruspau@pdpersi.co.id, rsauanta'),(144,'Harum Sisma Medika','Rumah Sakit Umum','Jl. Inspeksi Tarum Barat - Kalimalang','Cipinang Melayu','Makasar','Jakarta Timur',13620,'021-8617212, ','021-8601030','','erwintyrana@sismamedika.com, r'),(145,'Budhi Asih ','Rumah Sakit Umum Daerah','Jl. Dewi Sartika  Cawang III  No. 200','Cawang','Kramat Jati','Jakarta Timur',13630,'021-8090282, ','021-8009157, 021-800','https://www.rsudbudhiasih.com','budhiasih@ymail.com'),(146,'Universitas Kristen Indonesia','Rumah Sakit Umum','Jl. Mayjen Sutoyo No. 2','Cawang','Kramat Jati','Jakarta Timur',13630,'021-8092317, ','021-8092445','','rsuuki@yahoo.co.id'),(147,'Olahraga Nasional','Rumah Sakit Umum','Jl. Jambore  Nomor 1','Cibubur','Ciracas','Jakarta Timur',13720,'021-87753977','021-87753977','','rsolahragacibubur@gmail.com'),(148,'Tingkat IV Cijantung Kesdam Jaya','Rumah Sakit Umum','Jl. Mahoni,  Cijantung II ','Gedong','Pasar Rebo','Jakarta Timur',13760,'021-8400535','021-8407886','','kesdamjaya_cijantung@yahoo.com'),(149,'Pasar Rebo','Rumah Sakit Umum Daerah','Jl. Letjen T.B. Simatupang  Nomor 30','Gedong','Pasar Rebo','Jakarta Timur',13760,'021-8401127, ','021-8411159','https://www.rsudpasarrebo.com','rsudpasarrebo@yahoo.com'),(150,'Adhyaksa','Rumah Sakit Umum','Jl. Hankam Raya No.60','Ceger','Cipayung','Jakarta Timur',13820,'021-29462345','','','adhyaksarsu@gmail.com'),(151,'Harapan Bunda','Rumah Sakit Umum','Jl. Raya Bogor KM. 22 No. 44','Rambutan','Ciracas','Jakarta Timur',13830,'021-8400257','021-87781247','','hrd@rsharapanbunda.com, harapa'),(152,'Harapan Jayakarta ','Rumah Sakit Umum','Jl. Bekasi Timur Raya  Nomor 6  KM.18','Pulogadung','Cakung','Jakarta Timur',13930,'021-4608886, ','021-4608863','','harapan.jayakarta@gmail.com'),(153,'Jantung Jakarta','Rumah Sakit Khusus Jantung','Jl. Matraman Raya No.23','Palmeriam','Matraman','Jakarta Timur',13140,'021-29360698','021-29360697','https://www.rsjantungjakarta.com','rsjantungjakarta@gmail.com'),(154,'Rawamangun','Rumah Sakit Khusus Bedah','Jl. Balai Pustaka Raya No. 29-31','Rawamangun','Pulogadung','Jakarta Timur',13220,'021-4893531','021-4710918','','hrd.rsrawamangun@gmail.com'),(155,'SMEC','Rumah Sakit Khusus Mata','Jl. Pemuda No.36  RT.005 / RW.03','Rawamangun','Pulogadung','Jakarta Timur',13220,'021-4714848','021-4755703','','jakarta@rsmatasmec.com'),(156,'Alvernia Agusta','Rumah Sakit Khusus Ibu dan Anak','Jl. Pemuda Nomor 80  RT.001 / RW.08','Jati','Pulogadung','Jakarta Timur',13220,'021-4705266, ','021-4705266','','admin@rsbalverniaagusta.com, c'),(157,'Bunda Aliyah','Rumah Sakit Khusus Ibu dan Anak','Jl. Pahlawan Revolusi  Nomor 100','Pondok Bambu','Duren Sawit','Jakarta Timur',13430,'021-86602525','021-86600712, 021-86','https://www.bundaaliyah.com','yanuarjak@yahoo.co.id, marketi'),(158,'SamMarie Basra','Rumah Sakit Khusus Ibu dan Anak','Jl. Basuki Rachmat  Nomor 31','Pondok Bambu','Duren Sawit','Jakarta Timur',13430,'021-86613145,','021-86613147','https://www.sammariebasra.com','contact.sambasra@gmail.com'),(159,'Duren Sawit','Rumah Sakit Khusus Jiwa','Jl. Duren Sawit Baru No. 2','Duren Sawit','Duren Sawit','Jakarta Timur',13440,'021-8628686, ','021-8628659','https://www.rsdurensawit.go.id','rskddurensawit@gmail.com'),(160,'Sayyidah','Rumah Sakit Khusus Ibu dan Anak','Jl. Taman Malaka Selatan No. 6','Pondok Kelapa','Duren Sawit','Jakarta Timur',13450,'021-86902950,','021-8649886','https://www.rsiasayyidah.moonfruit.com','sayyidah_rsia@yahoo.com'),(161,'Islam Klender Jakarta','Rumah Sakit Khusus Jiwa','Jl. Bunga Rampai X - Perumnas Klender','Malaka Jaya','Duren Sawit','Jakarta Timur',13460,'021-86602402,','021-86610234','https://www.rsjiwaislam.com','rsjiwaislam@yahoo.co.id'),(162,'Asta Nugraha','Rumah Sakit Khusus Bersalin','JL. Duren Sawit Raya Blok K.3 No.1','Klender','Duren Sawit','Jakarta Timur',13470,'021-8615937','','',''),(163,'Restu Kasih','Rumah Sakit Khusus Ibu dan Anak','Jl. Raya Bogor  Km. 19  No. 3.a','Kramat Jati','Kramat Jati','Jakarta Timur',13510,'021-8001177','021-80882753','','rsia_restu@yahoo.com'),(164,'El Shama','Rumah Sakit Khusus Bersalin','Jl. Raya Bogor  Km.20 No.1','Kampung Tengah','Kramat Jati','Jakarta Timur',13510,'021-33777772,','','','rsb_elshama@yahoo.com'),(165,'TNI - AU','Rumah Sakit Khusus Gigi & Mulut','Jl. Puntodewo  No.1, Dirgantara II  RT.001/RW.02','Halim Perdanakusuma','Makasar','Jakarta Timur',13610,'021-80879255,','','','lakesgilut@yahoo.co.id'),(166,'Pusat Otak Nasional','Rumah Sakit Khusus Otak','Jl. M.T. Haryono  Kavling 11','Cawang','Kramat Jati','Jakarta Timur',13630,'021-86610709,','021-86610709, 021-86','','rspotakn@gmail.com'),(167,'Ketergantungan Obat','Rumah Sakit Khusus Ketergantungan Obat','Jl. LapanganTembak No. 75','Cibubur','Ciracas','Jakarta Timur',13720,'021-87711968,','021-87711970','https://www.rsko-jakarta.com','rskojakarta@gmail.com'),(168,'Bina Waluya','Rumah Sakit Khusus Jantung','Jl. TB Simatupang No. 71','Gedong','Pasar Rebo','Jakarta Timur',13750,'021-87781605,','021-8403869, 021-840','https://www.binawaluya.com','jimmyagung_27@ymail.com'),(169,'Resti Mulya','Rumah Sakit Khusus Ibu dan Anak','Jl. Pahlawan Komarudin Raya No. 5','Penggilingan','Cakung','Jakarta Timur',13940,'021-4802192','021-48701488','','rsia_resti_mulya@ymail.com'),(170,'Rumah Sakit Umum, Kab.Adm.KEP.SERIBU','Rumah Sakit Umum Daerah','Pulau Pramuka','Pulau Panggang','Kepulauan Seribu Utara','Kepulauan Seribu',14510,'021-33230332,','021-33312388, 021-37','','rsukepulauanseribu@yahoo.co.id'),(171,'Cempaka Putih','Rumah Sakit Umum Kecamatan Kelas D','Jl. Rawasari Selatan  Nomor 1','Cempaka Putih Timur','Cempaka Putih','Jakarta Pusat',10510,'021-4219548, ','021-4224243','','rsucempakaputih@gmail.com'),(172,'Sawah Besar','Rumah Sakit Umum Kecamatan Kelas D','Jl. Dwiwarna Raya  Nomor 6-8','Karang Anyar','Sawah Besar','Jakarta Pusat',10740,'021-6289080, ','021-4224041','',''),(173,'Johar Baru','Rumah Sakit Umum Kecamatan Kelas D','Jl. Tanah Tinggi XII','Tanah Tinggi','Johar Baru','Jakarta Pusat',10540,'021-4246359','021-4224041','','rsujoharbaru@gmail.com'),(174,'Kemayoran','Rumah Sakit Umum Kecamatan Kelas D','Jl. Serdang Baru I','Serdang','Kemayoran','Jakarta Pusat',10650,'021-4801847','021-4801846','','rsukemayoran@gmail.com'),(175,'Tugu','Rumah Sakit Umum Kecamatan Kelas D','Jl. Walang Permai  Nomor 39','Tugu Utara','Koja','Jakarta Utara',14260,'021-43905651,','021-4367168','',''),(176,'Cilincing','Rumah Sakit Umum Kecamatan Kelas D','Jl. Madya Kebantenan  Nomor 4','Cilincing','Cilincing','Jakarta Utara',14130,'021-4412889, ','021-4412889, 021-441','','rsukcilincing@gmail.com'),(177,'Pademangan','Rumah Sakit Umum Kecamatan Kelas D','Jl. Budi Mulia Raya  Nomor 2  RT.0015 / RW.011','Pademangan Barat','Pademangan','Jakarta Utara',14420,'021-6452346','','','rsupademangan@gmail.com'),(178,'Kembangan','Rumah Sakit Umum Kecamatan Kelas D','Jl. Topaz Blok F2  Nomor 3','Meruya Ilir','Kembangan','Jakarta Barat',11620,'021-5870834','','','pkm_kembangan@yahoo.com'),(179,'Kalideres','Rumah Sakit Umum Kecamatan Kelas D','Jl. Satu Maret  Nomor 48  RT.001 / RW.04','Pegadungan','Kalideres','Jakarta Barat',11830,'021-5439057','021-54390576','','rsukalideres@gmail.com'),(180,'Jagakarsa','Rumah Sakit Umum Kecamatan Kelas D','Jl. Mohamad Kahfi 1  Nomor 27 A','Jagakarsa','Jagakarsa','Jakarta Selatan',12620,'021-7864707','','','rsukecjagakarsa@gmail.com'),(181,'Tebet','Rumah Sakit Umum Kecamatan Kelas D','Jl. Prof. Supomo, SH  Nomor 54','Tebet Barat','Tebet','Jakarta Selatan',12810,'021-8314955','021-8296918','','rsutebet@gmail.com'),(182,'Mampang Prapatan','Rumah Sakit Umum Kecamatan Kelas D','Jl. Kapten P. Tendean  Nomor 9','Mampang Prapatan','Mampang Prapatan','Jakarta Selatan',12790,'021-79192187','','','rsudmampangprapatan@gmail.com'),(183,'Pesanggrahan','Rumah Sakit Umum Kecamatan Kelas D','Jl. Cenek I  Nomor 1','Pesanggrahan','Pesanggrahan','Jakarta Selatan',12320,'021-7356087','','','rsupesanggrahan@gmail.com'),(184,'Kramat Jati','Rumah Sakit Umum Kecamatan Kelas D','Jl. Raya Inpres  Nomor 48','Kampung Tengah','Kramat Jati','Jakarta Timur',13540,'021-87791152,','021-87793604','','rsukramatjati@gmail.com'),(185,'Ciracas','Rumah Sakit Umum Kecamatan Kelas D','Jl. Raya Lapangan Tembak','Cibubur I','Ciracas','Jakarta Timur',13720,'021-8718995','','','rsuciracas@gmail.com'),(186,'Tanah Abang','Rumah Sakit Umum Kecamatan Kelas D','Jl. K.H. Mas Mansyur No 30','Karet Tengsin','Tanah Abang','Jakarta Pusat',10210,'021-3150427, ','021-31902143','','rsutnabang@gmail.com'),(187,'Tanjung Priok','Rumah Sakit Umum Kecamatan Kelas D','Jl. Bugis Nomor 63','Kebon Bawang','Tanjung Priok','Jakarta Utara',14310,'','','',''),(188,'Tamansari','Rumah Sakit Umum Kecamatan Kelas D','Jl. Madu Nomor 10 RT.002 / RW.03','Mangga Besar','Tamansari','Jakarta Barat',11150,'021-629775, 0','','',''),(189,'Matraman','Rumah Sakit Umum Kecamatan Kelas D','Jl. Kebon Kelapa Raya Nomor 29','Matraman','Matraman','Jakarta Timur',13120,'021-8581957','','','');

/*Table structure for table `first_aid_guide` */

DROP TABLE IF EXISTS `first_aid_guide`;

CREATE TABLE `first_aid_guide` (
  `ID_FAG` int(20) NOT NULL AUTO_INCREMENT,
  `Title` varchar(50) DEFAULT NULL,
  `Created_Date` datetime DEFAULT NULL,
  `File_Name` varchar(50) DEFAULT NULL,
  `Description` text DEFAULT NULL,
  PRIMARY KEY (`ID_FAG`)
) ENGINE=InnoDB AUTO_INCREMENT=12 DEFAULT CHARSET=utf8mb4;

/*Data for the table `first_aid_guide` */

insert  into `first_aid_guide`(`ID_FAG`,`Title`,`Created_Date`,`File_Name`,`Description`) values (1,'Fundamental For First Aid','2020-09-22 00:00:00','Fundamental_For_First_Aid.pdf','Panduan ini berisi dasar tentang pertolongan pertaa.Ketika seorang anggota dinas nonmedis mendatangi anggota dinas yang tidak sadarkan diri atau terluka, ia harus mengevaluasi korban secara akurat untuk menentukan tindakan pertolongan pertama yang diperlukan untuk mencegah cedera atau kematian lebih lanjut. Dia harus mencari bantuan medis secepat mungkin, tetapi dia tidak boleh mengganggu kinerja tindakan pertolongan pertama. Untuk menghentikan tindakan pertolongan pertama dapat menyebabkan lebih banyak kerugian daripada kebaikan bagi korban. Ingatlah bahwa dalam lingkungan kimia, layanan tersebut. Anggota tidak boleh mengevaluasi korban sampai korban telah ditangani. Setelah melakukan pertolongan pertama, anggota layanan harus melanjutkan dengan evaluasi dan terus memantau korban untuk perkembangan kondisi yang mungkin memerlukan kinerja tindakan penyelamatan dasar yang diperlukan, seperti membersihkan jalan napas, menyelamatkan pernapasan, mencegah syok, dan mengendalikan pendarahan. Dia harus terus memantau korban sampai dibebaskan oleh tenaga medis.'),(2,'Basic Measures For First Aid Section I','2020-10-11 00:00:00','Basic_Measures_For_First_Aid_Section_I.pdf','Panduan ini berisi tentang pengukuran dasar untuk pertolongan pertama. Beberapa kondisi yang membutuhkan perhatian segera adalah jalan napas yang tidak memadai, kurang bernapas, dan kehilangan darah (sirkulasi) yang berlebihan. Korban tanpa saluran napas yang jelas atau yang tidak bernapas dapat meninggal karena kekurangan oksigen. Kehilangan darah yang berlebihan dapat menyebabkan syok, dan syok dapat menyebabkan kematian; oleh karena itu, Anda harus segera bertindak untuk mengontrol kehilangan darah. Semua luka dianggap terkontaminasi, karena organisme penghasil infeksi (kuman) selalu ada di kulit dan pakaian, serta di tanah, air, dan udara. Rudal atau instrumen apa pun (seperti peluru, pecahan peluru, pisau, atau bayonet) yang menyebabkan luka mendorong atau membawa kuman ke dalam luka tersebut. Hasil infeksi saat organisme ini berkembang biak. Bahwa luka terkontaminasi tidak mengurangi pentingnya melindunginya dari kontaminasi lebih lanjut. Anda harus membalut dan membalut luka sesegera mungkin untuk mencegahnya lebih lanjut kontaminasi.'),(3,'Basic Measures For First Aid Section II','2020-11-10 00:00:00','Basic_Measures_For_First_Aid_Section_II.pdf','Panduan ini memberikan informasi lanjutan mengenai pengukuran dasar untuk pertolongan pertama.  Semakin lama seorang anggota tentara mengalami pendarahan karena luka besar, semakin kecil kemungkinan dia bisa bertahan dari luka-lukanya. Oleh karena itu, penting bagi penyedia pertolongan pertama untuk segera menghentikan pendarahan luar. Dalam mengevaluasi korban untuk lokasi, jenis, dan ukuran luka atau cedera, potong atau robek pakaiannya dan secara hati-hati buka seluruh area luka. Prosedur ini diperlukan untuk memvisualisasikan cedera dengan benar dan menghindari kontaminasi lebih lanjut. Pakaian yang menempel pada luka harus dibiarkan pada tempatnya untuk menghindari cedera lebih lanjut. Sebelum mengaplikasikan balutan, periksalah korban dengan cermat untuk menentukan apakah ada lebih dari satu luka. Sebuah rudal mungkin masuk pada satu titik dan keluar pada titik lain. Luka keluar biasanya lebih besar dari luka masuk. Perban bertekanan membantu pembekuan darah dan menekan pembuluh darah yang terbuka. Jika perdarahan berlanjut setelah penerapan balutan lapangan, tekanan manual.'),(4,'Basic Measures For First Aid Section III','2020-10-21 23:50:58','Basic_Measures_For_First_Aid_Section_III.pdf','Panduan ini berisi panduan untuk penanganan lebih lanjut terhadap kondisi kritis, seperti syok. Istilah syok memiliki arti yang bermacam-macam. Dalam pengobatan, ini mengacu pada turunnya sistem kardiovaskular tubuh yang mencakup suplai darah yang tidak memadai ke jaringan tubuh. Mengguncang dan melemahkan tubuh. Ketika aliran darah normal dalam tubuh terganggu, kematian bisa terjadi. Pengenalan dini dan pertolongan pertama yang tepat dapat menyelamatkan nyawa korban. Di lapangan, prosedur pertolongan pertama yang diberikan untuk shock identik dengan prosedur yang akan dilakukan untuk mencegah terjadinya shock. Saat merawat korban, asumsikan bahwa ada syok atau akan segera terjadi. Dengan menunggu sampai tanda dan gejala syok yang sebenarnya terlihat, penyelamat dapat membahayakan nyawa korban. Korban syok akibat luka di dada atau yang mengalami kesulitan bernapas, dapat bernapas lega dalam posisi duduk. Jika ini masalahnya, biarkan dia duduk tegak, tetapi awasi dengan cermat jika kondisinya memburuk.'),(5,'First Aid For Specific Injuries','2020-11-08 23:52:07','First_Aid_For_Specific_Injuries.pdf','Panduan ini membahas prosedur pertolongan pertama khusus untuk luka di kepala, wajah, dan leher; luka dada dan perut; dan luka bakar. Ini juga membahas teknik untuk mengaplikasikan pembalut dan perban ke bagian tubuh tertentu. Cedera kepala berkisar dari lecet kecil atau luka di kulit kepala hingga cedera otak parah yang dapat menyebabkan ketidaksadaran dan terkadang kematian. Cedera kepala diklasifikasikan sebagai luka terbuka atau tertutup. Cedera leher dapat menyebabkan pendarahan hebat. Berikan tekanan di atas dan di bawah cedera, tetapi jangan mengganggu proses pernapasan, dan coba kendalikan pendarahan. Cedera jaringan lunak pada wajah dan kulit kepala sering terjadi. Goresan pada kulit tidak menyebabkan masalah serius. Korban dengan cedera kepala (atau dugaan cedera kepala) harus terus dipantau untuk perkembangan kondisi yang mungkin memerlukan tindakan penyelamatan dasar. Setelah memulai tindakan pertolongan pertama, mintalah bantuan medis dan evakuasi.'),(6,'First Aid For Fractures','2020-10-14 23:53:02','First_Aid_For_Fractures.pdf','Panduan ini memberikan informasi mengenai pertolongan pertama pada fraktur. Fraktur adalah patahnya susunan tulang. Fraktur dapat menyebabkan kecacatan total atau dalam beberapa kasus kematian akibat putusnya organ vital dan / atau arteri. Di sisi lain, mereka paling sering dapat dirawat sehingga ada pemulihan total. Potensi pemulihan sangat bergantung pada pertolongan pertama yang diterima individu sebelum dia dipindahkan. Pertolongan pertama termasuk melumpuhkan bagian yang retak selain menerapkan tindakan penyelamatan jika diperlukan. Prinsip dasar splinting adalah untuk melumpuhkan sendi di atas dan di bawah fraktur. Fraktur diimobilisasi untuk mencegah ujung tulang yang tajam bergerak dan memotong jaringan, otot, pembuluh darah, dan saraf. Ini mengurangi rasa sakit dan membantu mencegah atau mengendalikan syok. Pada fraktur tertutup, imobilisasi mencegah fragmen tulang menyebabkan luka terbuka, yang dapat terkontaminasi dan menyebabkan infeksi.'),(7,'First Aid For Climatic Injuries','2020-07-23 23:53:37','First_Aid_For_Climatic_Injuries.pdf','Panduan ini memberikan arahan mengenai luka yang terjadi akibat iklim/cuaca. Kondisi fisik anggota layanan menentukan jumlah waktu yang dibutuhkan tubuh mereka untuk menyesuaikan diri dengan lingkungan. Bahkan orang-orang dalam kondisi fisik yang baik membutuhkan waktu sebelum bekerja atau berlatih dalam cuaca yang sangat panas atau dingin. Cedera terkait iklim biasanya dapat dicegah; pencegahan adalah tanggung jawab individu dan kepemimpinan. Anggota layanan yang menderita sengatan panas telah terpapar suhu tinggi (seperti sinar matahari langsung) atau mengenakan pakaian luar pelindung, yang menyebabkan suhu tubuh meningkat. Pukulan panas terjadi lebih cepat pada anggota layanan yang terlibat dalam pekerjaan atau aktivitas fisik lainnya di lingkungan dengan panas tinggi. Heatstroke disebabkan oleh kegagalan mekanisme pendinginan tubuh yang meliputi penurunan kemampuan tubuh untuk menghasilkan keringat. Kulit korban memerah (memerah), panas, dan kering. Dia mungkin mengalami kelemahan, pusing, kebingungan, sakit kepala, kejang, mual, sakit perut atau kram, dan pernapasan serta denyut nadinya mungkin cepat dan lemah. Ketidaksadaran dan pingsan dapat terjadi secara tiba-tiba.'),(8,'First Aid For Bites And Stings','2020-10-15 23:55:18','First_Aid_For_Bites_And_Stings.pdf','Panduan ini berisi informasi mengenai penanganan luka yang diakibatkan gigitan atau sengatan. Gigitan ular, gigitan serangga, atau sengatan dapat menyebabkan rasa sakit dan / atau pembengkakan yang hebat. Jika tidak ditangani dengan segera dan benar, dapat menyebabkan penyakit serius atau kematian. Tingkat keparahan gigitan ular bergantung pada: apakah ular itu beracun atau tidak, jenis ular, lokasi gigitan, dan jumlah racun yang disuntikkan. Gigitan dari manusia dan hewan lain, seperti anjing, kucing, kelelawar, rakun, dan tikus, dapat menyebabkan luka memar yang parah dan infeksi serta robekan atau robekan jaringan. Kesadaran tentang potensi sumber cedera dapat mengurangi atau mencegahnya terjadi. Pengetahuan dan penerapan tindakan pertolongan pertama yang cepat dapat mengurangi tingkat keparahan cedera akibat gigitan dan sengatan dan mencegah anggota dinas menjadi korban yang serius. Perlu diketahui bahwa beberapa orang yang alergi atau hipersensitif mungkin membawa identifikasi atau kit perawatan gigitan serangga darurat. Jika Korban mengalami reaksi alergi, berikan obat dalam peralatan pertolongan pertamasesuai dengan instruksi yang menyertai peralatan tersebut. '),(9,'First_Aid In A Nuclear Biological and Chemical Env','2020-10-19 23:55:22','First_Aid_In_A_Nuclear_Biological_and_Chemical_Env','Panduan ini membantu penanganan  pada lingkungan dengan senjata nuklir, biologi, dan kimia.  Senjata nuklir, biologi, dan kimia akan cepat merusak efektivitas unit dengan memaksa pasukan untuk memakai pakaian pelindung dan dengan menciptakan kebingungan dan ketakutan. Melalui pelatihan dalam prosedur perlindungan dan pertolongan pertama, unit dapat mempertahankan keefektifannya di medan perang terintegrasi. Agen kimia diklasifikasikan menurut primerefek fisiologis yang mereka hasilkan, seperti melepuh, tersedak, muntah, dan agen yang melumpuhkan. Agen perang biologis diklasifikasikan menurut pengaruhnya terhadap manusia. Efeknya termasuk kemampuan mereka untuk melumpuhkan dan menyebabkan kematian. Sebagian besar agen perang biologis dikirim sebagai aerosol yang memengaruhi saluran pernapasan; beberapa dapat dikirim dengan melepaskan serangga yang terinfeksi, dengan mencemari makanan dan air, dan melalui suntikan (menyuntikkan bahan pada individu oleh teroris, bukan paparan massal). Agen ini ditemukan pada organisme hidup seperti jamur, bakteri, dan virus.'),(10,'First Aid For Psychological Reactions','2020-11-03 23:55:26','First_Aid_For_Psychological_Reactions.pdf','Panduan ini membantu penanganan terhadap reaksi psikologis. Pertolongan pertama psikologis sama alami dan masuk akal seperti pertolongan pertama fisik dan sama familiarnya Perasaan alami yang membuat kita ingin membantu orang yang terluka membuat kita ingin memberikan uluran tangan kepada teman yang sedang kesal. Pertolongan pertama psikologis benar-benar berarti tidak lebih rumit daripada membantu orang dengan tekanan emosional baik itu akibat cedera fisik, penyakit, atau stres yang berlebihan. Gangguan emosional tidak selalu terlihat seperti luka atau patah tulang. Namun, kegembiraan berlebihan, ketakutan yang parah, kekhawatiran yang berlebihan, depresi yang dalam, sifat mudah marah yang salah arah, dan kemarahan adalah tanda-tanda bahwa stres telah mencapai titik mengganggu penanganan yang efektif. Semakin jelas gejalanya, semakin mendesak Anda membutuhkan pertolongan dan semakin penting bagi Anda untuk mengetahui cara menolong. Anda harus tahu cara memberikan pertolongan pertama psikologis untuk dapat membantu diri sendiri, teman-teman Anda, dan unit Anda agar dapat terus menjalankan misi. Tindakan pertolongan pertama psikologis sederhana dan mudah dimengerti. Keputusan Anda tentang apa yang harus dilakukan bergantung pada kemampuan Anda untuk mengamati anggota layanan dan memahami kebutuhannya. Memanfaatkan sumber daya dengan sebaik-baiknya membutuhkan kecerdikan di pihak Anda.');

/*Table structure for table `geography` */

DROP TABLE IF EXISTS `geography`;

CREATE TABLE `geography` (
  `ID_Geography` int(3) NOT NULL AUTO_INCREMENT,
  `ID_Country` int(3) DEFAULT NULL,
  `Square_Land_Area` varchar(20) DEFAULT NULL,
  `Coastline_Coverage` varchar(20) DEFAULT NULL,
  `Shared_Borders` varchar(20) DEFAULT NULL,
  `Usable_Waterways` varchar(20) DEFAULT NULL,
  PRIMARY KEY (`ID_Geography`),
  KEY `ID_Country` (`ID_Country`),
  CONSTRAINT `geography_ibfk_1` FOREIGN KEY (`ID_Country`) REFERENCES `country` (`ID_Country`)
) ENGINE=InnoDB AUTO_INCREMENT=139 DEFAULT CHARSET=utf8mb4;

/*Data for the table `geography` */

insert  into `geography`(`ID_Geography`,`ID_Country`,`Square_Land_Area`,`Coastline_Coverage`,`Shared_Borders`,`Usable_Waterways`) values (1,1,'9,826,675','19,924','12,048','41,009'),(2,2,'17,098,242','37,653','22,408','102,000'),(3,3,'9,596,961','14,500','22,457','110,000'),(4,4,'3,287,263','','13,888','14,500'),(5,5,'377,915','29,751','','1,770'),(6,6,'99,720','2,413','237','1,600'),(7,7,'643,801','4,853','4,072','8,501'),(8,8,'243,610','12,429','443','3,200'),(9,9,'1,001,450','2,450','2,612','3,500'),(10,10,'8,514,877','7,491','16,145','50,000'),(11,11,'783,562','7,200','2,816','1,200'),(12,12,'301,340','7,600','1,836','2,400'),(13,13,'357,022','2,389','3,694','7,467'),(14,14,'1,648,195','2,440','5,894','850'),(15,15,'796,095','1,046','7,257','25,220'),(16,16,'1,904,569','54,716','2,958','21,579'),(17,17,'2,149,690','2,640','4,272','0'),(18,18,'20,770','273','1,068','0'),(19,19,'7,741,220','25,760','','2,000'),(20,20,'505,370','4,964','1,953','1,000'),(21,21,'312,685','440','2,845','3,997'),(22,22,'331,210','3,444','4,616','17,702'),(23,23,'513,120','3,219','5,673','4,000'),(24,24,'9,984,670','202,080','8,893','636'),(25,25,'120,538','2,495','1,607','2,250'),(26,26,'35,980','1,566','','3,720'),(27,27,'603,550','2,782','5,618','2,150'),(28,28,'2,381,741','998','6,734','0'),(29,29,'1,219,090','2,798','5,244','0'),(30,30,'41,277','','1,770','1,299'),(31,31,'323,802','25,148','2,566','1,577'),(32,32,'450,295','3,218','2,211','2,052'),(33,33,'131,957','13,676','1,110','6'),(34,34,'78,867','','2,046','664'),(35,35,'676,578','1,930','6,522','12,800'),(36,36,'41,543','451','1,053','6,237'),(37,37,'1,138,910','3,208','6,672','24,725'),(38,38,'1,964,375','9,330','4,389','2,900'),(39,39,'238,391','225','2,844','1,731'),(40,40,'1,285,216','2,414','7,062','8,808'),(41,41,'912,050','2,800','5,267','7,100'),(42,42,'923,768','853','4,477','8,600'),(43,43,'2,780,400','4,989','11,968','11,000'),(44,44,'329,847','4,675','2,742','7,200'),(45,45,'83,600','1,318','1,066','0'),(46,46,'143,998','580','4,413','8,370'),(47,47,'756,102','6,435','7,801','12,290'),(48,48,'300,000','36,289','','3,219'),(49,49,'43,094','7,314','140','400'),(50,50,'438,317','58','3,809','5,279'),(51,51,'697','193','','10'),(52,52,'447,400','420','6,893','1,100'),(53,53,'207,600','','3,599','2,500'),(54,54,'103,000','7,000','2,106','1,622'),(55,55,'185,180','193','2,363','900'),(56,56,'1,246,700','1,600','5,369','1,300'),(57,57,'446,550','1,835','2,363','0'),(58,58,'49,035','','1,587','172'),(59,59,'338,145','1,250','2,563','7,842'),(60,60,'1,104,300','','5,925','104,300'),(61,61,'92,090','1,793','1,224','210'),(62,62,'110,880','354','1,806','470'),(63,63,'2,724,900','26','13,364','0'),(64,64,'86,600','713','2,468','0'),(65,65,'77,474','','2,322','587'),(66,66,'83,871','','2,524','0'),(67,67,'1,098,581','','7,252','10,000'),(68,68,'283,560','2,237','2,237','1,500'),(69,69,'56,594','5,835','2,237','785'),(70,70,'30,528','67','1,297','2,043'),(71,71,'2,344,858','37','10,481','15,000'),(72,72,'89,342','26','1,744','540'),(73,73,'110,860','3,735','29','240'),(74,74,'527,968','1,906','1,601','0'),(75,75,'309,500','2,092','1,561','0'),(76,76,'1,861,484','853','6,819','1,723'),(77,77,'488,100','1,768','4,158','1,300'),(78,78,'652,230','','5,987','1,200'),(79,79,'267,710','15,134','','0'),(80,80,'1,759,540','1,770','4,339','0'),(81,81,'163,610','1,148','1,495','0'),(82,82,'65,610','1,340','','160'),(83,83,'65,300','90','1,545','441'),(84,84,'580,367','536','3,457','0'),(85,85,'17,818','499','475','0'),(86,86,'241,038','','2,729','0'),(87,87,'1,284,000','','6,406','0'),(88,88,'752,618','','6,043','2,250'),(89,89,'69,700','310','1,814','4,349'),(90,90,'11,586','563','87','0'),(91,91,'390,757','','3,229','0'),(92,92,'108,889','400','1,667','990'),(93,93,'760','161','','0'),(94,94,'143,100','','4,130','200'),(95,95,'176,215','660','1,591','1,600'),(96,96,'1,240,192','','7,908','0'),(97,97,'274,200','','3,611','0'),(98,98,'199,951','','4,573','600'),(99,99,'70,273','1,448','443','956'),(100,100,'20,273','47','1,211','0'),(101,101,'475,440','400','5,018','0'),(102,102,'64,589','498','1,370','300'),(103,103,'1,267,000','','5,834','300'),(104,104,'322,463','515','3,458','980'),(105,105,'1,564,116','','8,082','580'),(106,106,'238,533','539','2,420','1,293'),(107,107,'181,035','443','2,530','3,700'),(108,108,'581,730','','4,347','0'),(109,109,'947,300','1,424','4,161','0'),(110,110,'112,090','832','1,575','465'),(111,111,'29,743','','1,570','0'),(112,112,'33,851','','1,885','558'),(113,113,'406,752','','4,655','3,100'),(114,114,'130,370','910','1,253','2,220'),(115,115,'28,748','362','691','41'),(116,116,'799,380','2,470','4,783','460'),(117,117,'644,329','','6,018','0'),(118,118,'10,400','225','484','170'),(119,119,'45,228','3,794','657','335'),(120,120,'48,320','1,288','376','350'),(121,121,'342,000','169','5,008','1,120'),(122,122,'147,181','','3,159','0'),(123,123,'13,812','294','680','0'),(124,124,'1,030,700','754','5,002','0'),(125,125,'587,040','4,828','','600'),(126,126,'21,041','307','590','0'),(127,127,'25,713','','838','280'),(128,128,'824,292','1,572','4,220','0'),(129,129,'622,984','','5,920','2,800'),(130,130,'267,667','885','3,261','1,600'),(131,131,'236,800','','5,274','4,600'),(132,132,'75,420','2,490','687','800'),(133,133,'51,197','20','1,543','0'),(134,134,'71,740','402','1,093','800'),(135,135,'163,820','386','1,907','1,200'),(136,136,'637,657','3,025','2,385','0'),(137,137,'111,369','579','1,667','0'),(138,138,'38,394','','1,136','0');

/*Table structure for table `landforces` */

DROP TABLE IF EXISTS `landforces`;

CREATE TABLE `landforces` (
  `ID_LandForces` int(3) NOT NULL AUTO_INCREMENT,
  `ID_Country` int(3) DEFAULT NULL,
  `Tanks` varchar(20) DEFAULT NULL,
  `Armored_Vehicle` varchar(20) DEFAULT NULL,
  `Sp_Artillery` varchar(20) DEFAULT NULL,
  `Towed_Artilerry` varchar(20) DEFAULT NULL,
  PRIMARY KEY (`ID_LandForces`),
  KEY `ID_Country` (`ID_Country`),
  CONSTRAINT `landforces_ibfk_1` FOREIGN KEY (`ID_Country`) REFERENCES `country` (`ID_Country`)
) ENGINE=InnoDB AUTO_INCREMENT=139 DEFAULT CHARSET=utf8mb4;

/*Data for the table `landforces` */

insert  into `landforces`(`ID_LandForces`,`ID_Country`,`Tanks`,`Armored_Vehicle`,`Sp_Artillery`,`Towed_Artilerry`) values (1,1,'6,289','39,253','1,465','2,740'),(2,2,'12,950','27,038','6,083','4,465'),(3,3,'3,500','33,000','3,800','3,600'),(4,4,'4,292','8,686','235','4,060'),(5,5,'1,004','3,130','238','500'),(6,6,'2,614','14,000','3,040','3,854'),(7,7,'528','6,028','109','12'),(8,8,'227','5,000','89','126'),(9,9,'4,295','11,700','1,139','2,189'),(10,10,'437','1,820','132','565'),(11,11,'2,622','8,777','1,278','1,260'),(12,12,'200','6,947','54','108'),(13,13,'245','4,583','108','0'),(14,14,'2,056','4,300','570','2,088'),(15,15,'2,200','7,330','429','1,226'),(16,16,'313','1,178','153','366'),(17,17,'1,062','12,825','705','1,818'),(18,18,'2,760','10,275','650','300'),(19,19,'59','3,051','0','54'),(20,20,'327','2,023','95','140'),(21,21,'1,069','2,547','547','0'),(22,22,'2,615','2,530','70','1,000'),(23,23,'841','1,416','20','776'),(24,24,'80','1,973','0','133'),(25,25,'6,045','10,000','800','1,000'),(26,26,'1,180','2,000','482','1,160'),(27,27,'2,026','10,135','738','2,040'),(28,28,'880','7,361','320','240'),(29,29,'195','2,000','43','72'),(30,30,'326','1,338','224','0'),(31,31,'52','730','80','0'),(32,32,'126','1,036','88','0'),(33,33,'1,355','3,691','547','463'),(34,34,'116','682','86','85'),(35,35,'434','1,300','108','1,612'),(36,36,'18','1,546','57','160'),(37,37,'0','595','6','110'),(38,38,'0','2,199','0','265'),(39,39,'943','1,369','0','808'),(40,40,'146','552','24','231'),(41,41,'390','600','73','104'),(42,42,'253','1,789','25','339'),(43,43,'370','739','83','172'),(44,44,'74','1,387','0','211'),(45,45,'434','8,691','183','76'),(46,46,'276','1,230','18','419'),(47,47,'300','1,430','48','158'),(48,48,'7','513','0','286'),(49,49,'57','972','22','0'),(50,50,'309','4,739','44','120'),(51,51,'180','3,000','48','77'),(52,52,'420','1,215','137','0'),(53,53,'532','1,560','482','228'),(54,54,'30','944','0','300'),(55,55,'4,135','5,370','575','2,550'),(56,56,'379','595','28','357'),(57,57,'1,443','2,901','505','200'),(58,58,'20','661','16','9'),(59,59,'200','2,050','100','627'),(60,60,'400','114','67','650'),(61,61,'133','756','18','61'),(62,62,'710','2,000','506','350'),(63,63,'650','800','0','300'),(64,64,'570','1,451','187','227'),(65,65,'293','904','87','144'),(66,66,'56','467','33','0'),(67,67,'54','137','0','86'),(68,68,'232','413','15','102'),(69,69,'72','604','24','151'),(70,70,'0','984','0','0'),(71,71,'175','100','16','120'),(72,72,'1,313','2,897','461','72'),(73,73,'1,180','670','100','150'),(74,74,'620','615','20','85'),(75,75,'117','761','39','144'),(76,76,'690','400','10','0'),(77,77,'712','2,000','68','269'),(78,78,'0','1,062','0','176'),(79,79,'0','200','0','24'),(80,80,'250','450','50','100'),(81,81,'181','878','20','165'),(82,82,'202','570','0','209'),(83,83,'0','420','56','54'),(84,84,'76','479','30','25'),(85,85,'367','745','98','0'),(86,86,'371','1,081','6','53'),(87,87,'60','372','10','51'),(88,88,'75','184','0','42'),(89,89,'143','950','69','133'),(90,90,'92','250','46','12'),(91,91,'42','300','0','65'),(92,92,'12','135','0','106'),(93,93,'180','843','33','26'),(94,94,'253','347','0','90'),(95,95,'78','463','0','0'),(96,96,'80','248','0','50'),(97,97,'0','350','0','0'),(98,98,'150','385','30','141'),(99,99,'0','124','0','0'),(100,100,'44','269','0','63'),(101,101,'0','222','8','61'),(102,102,'0','303','47','20'),(103,103,'0','182','0','0'),(104,104,'15','109','0','7'),(105,105,'470','750','0','300'),(106,106,'0','150','0','0'),(107,107,'263','340','0','150'),(108,108,'55','245','0','30'),(109,109,'156','70','0','12'),(110,110,'19','92','0','176'),(111,111,'110','748','38','150'),(112,112,'0','341','9','52'),(113,113,'13','63','0','108'),(114,114,'104','265','0','654'),(115,115,'0','467','0','0'),(116,116,'100','335','0','260'),(117,117,'110','200','24','0'),(118,118,'366','2,228','12','374'),(119,119,'0','181','18','66'),(120,120,'6','20','0','20'),(121,121,'86','225','0','0'),(122,122,'0','214','0','84'),(123,123,'0','26','0','12'),(124,124,'35','95','0','224'),(125,125,'12','103','0','25'),(126,126,'0','125','0','70'),(127,127,'31','251','0','144'),(128,128,'7','410','0','50'),(129,129,'4','55','0','20'),(130,130,'0','70','0','16'),(131,131,'65','30','0','62'),(132,132,'0','65','0','0'),(133,133,'320','332','24','837'),(134,134,'0','13','0','0'),(135,135,'0','66','0','0'),(136,136,'10','100','0','30'),(137,137,'0','0','0','0'),(138,138,'0','27','0','0');

/*Table structure for table `manpower` */

DROP TABLE IF EXISTS `manpower`;

CREATE TABLE `manpower` (
  `ID_Manpower` int(3) NOT NULL AUTO_INCREMENT,
  `ID_Country` int(3) DEFAULT NULL,
  `Population` varchar(20) DEFAULT NULL,
  `Total_Military_Personnel` varchar(20) DEFAULT NULL,
  `Available_Manpower` varchar(20) DEFAULT NULL,
  `Active_Military` varchar(20) DEFAULT NULL,
  PRIMARY KEY (`ID_Manpower`),
  KEY `ID_Country` (`ID_Country`),
  CONSTRAINT `manpower_ibfk_1` FOREIGN KEY (`ID_Country`) REFERENCES `country` (`ID_Country`)
) ENGINE=InnoDB AUTO_INCREMENT=139 DEFAULT CHARSET=utf8mb4;

/*Data for the table `manpower` */

insert  into `manpower`(`ID_Manpower`,`ID_Country`,`Population`,`Total_Military_Personnel`,`Available_Manpower`,`Active_Military`) values (1,1,'329,256,465','146,272,845','144,872,845','1,400,000'),(2,2,'142,122,776','70,653,788','69,640,160','1,013,628'),(3,3,'1,384,688,986','755,038,402','752,855,402','2,183,000'),(4,4,'1,296,834,042','623,924,340','622,480,340','1,444,000'),(5,5,'126,168,156','54,120,963','53,873,803','247,160'),(6,6,'51,418,097','26,289,049','25,709,049','580,000'),(7,7,'67,364,357','30,379,868','30,111,868','268,000'),(8,8,'65,105,246','30,141,073','29,948,413','192,660'),(9,9,'99,413,317','43,386,553','42,946,553','440,000'),(10,10,'208,846,892','108,099,496','107,764,996','334,500'),(11,11,'81,257,239','42,202,478','41,847,478','355,000'),(12,12,'62,246,674','28,186,003','28,011,003','175,000'),(13,13,'80,457,737','37,193,209','37,010,559','182,650'),(14,14,'83,024,745','47,847,105','47,324,105','523,000'),(15,15,'207,862,518','96,998,277','96,344,277','654,000'),(16,16,'262,787,403','131,268,127','130,868,127','400,000'),(17,17,'33,091,113','18,181,745','17,703,745','478,000'),(18,18,'8,424,904','3,817,983','3,647,983','170,000'),(19,19,'23,470,145','10,868,002','10,808,002','60,000'),(20,20,'49,331,076','23,260,275','23,136,275','124,000'),(21,21,'38,420,687','18,944,137','18,826,137','118,000'),(22,22,'97,040,334','51,525,216','51,043,216','482,000'),(23,23,'68,615,858','35,903,864','35,543,014','360,850'),(24,24,'35,881,659','16,182,365','16,110,865','71,500'),(25,25,'25,381,085','14,325,878','13,045,878','1,280,000'),(26,26,'23,545,963','12,361,809','12,196,809','165,000'),(27,27,'43,952,299','22,450,911','22,195,911','255,000'),(28,28,'41,657,488','20,871,263','20,741,263','130,000'),(29,29,'55,380,210','26,316,520','26,250,220','66,300'),(30,30,'8,292,809','3,653,250','3,632,250','21,000'),(31,31,'5,372,191','2,194,365','2,170,365','24,000'),(32,32,'10,040,995','4,146,808','4,116,808','30,000'),(33,33,'10,761,523','5,193,347','4,993,347','200,000'),(34,34,'10,686,269','5,036,174','5,011,174','25,000'),(35,35,'55,622,506','30,664,643','30,258,643','406,000'),(36,36,'17,151,228','7,856,460','7,820,960','35,500'),(37,37,'48,168,996','24,379,498','24,084,498','295,000'),(38,38,'125,959,205','60,737,418','60,460,418','277,000'),(39,39,'21,457,116','11,077,501','11,007,501','70,000'),(40,40,'31,331,228','15,442,302','15,352,302','90,000'),(41,41,'31,689,176','14,603,129','14,260,129','343,000'),(42,42,'203,452,505','77,228,499','77,108,499','120,000'),(43,43,'44,694,198','20,262,945','20,179,430','83,515'),(44,44,'31,809,660','15,311,837','15,201,837','110,000'),(45,45,'9,701,315','5,884,789','5,820,789','64,000'),(46,46,'159,453,001','79,073,289','78,913,289','160,000'),(47,47,'17,925,262','8,734,902','8,657,902','77,000'),(48,48,'105,893,381','52,012,757','51,887,757','125,000'),(49,49,'5,809,502','2,606,457','2,590,457','16,000'),(50,50,'40,194,216','16,564,240','16,399,240','165,000'),(51,51,'5,995,991','4,089,814','4,017,314','72,500'),(52,52,'30,023,709','15,962,566','15,912,566','50,000'),(53,53,'9,527,543','5,028,405','4,982,905','45,500'),(54,54,'9,825,704','4,643,081','4,618,081','25,000'),(55,55,'19,454,263','12,592,728','12,450,728','142,000'),(56,56,'30,355,880','6,351,205','6,244,205','107,000'),(57,57,'34,314,130','17,467,065','17,157,065','310,000'),(58,58,'5,445,040','2,792,970','2,776,970','16,000'),(59,59,'5,537,364','2,328,920','2,307,420','21,500'),(60,60,'108,386,391','41,305,474','41,143,474','162,000'),(61,61,'10,355,493','4,835,449','4,804,949','30,500'),(62,62,'7,057,504','3,308,916','3,278,916','30,000'),(63,63,'18,744,548','8,717,003','8,585,003','132,000'),(64,64,'10,046,516','5,168,346','5,042,346','126,000'),(65,65,'7,078,110','3,498,274','3,468,274','30,000'),(66,66,'8,793,370','4,040,191','4,017,691','22,500'),(67,67,'11,306,341','5,110,416','5,075,416','35,000'),(68,68,'16,498,502','7,736,551','7,696,551','40,000'),(69,69,'4,270,480','2,103,765','2,088,265','15,500'),(70,70,'11,570,762','4,863,107','4,833,107','30,000'),(71,71,'85,281,024','34,246,410','34,112,410','134,000'),(72,72,'10,458,413','3,446,692','3,346,692','100,000'),(73,73,'11,116,396','6,030,621','5,980,621','50,000'),(74,74,'28,667,230','11,309,721','11,266,221','43,500'),(75,75,'3,494,116','1,807,029','1,764,529','42,500'),(76,76,'43,120,843','24,165,430','24,061,430','104,000'),(77,77,'5,411,012','2,819,493','2,797,493','22,000'),(78,78,'34,940,837','14,500,743','14,325,743','175,000'),(79,79,'4,545,627','2,124,989','2,115,989','9,000'),(80,80,'6,754,507','3,582,871','3,552,871','30,000'),(81,81,'11,516,189','5,886,224','5,850,224','36,000'),(82,82,'22,576,592','11,172,071','10,927,071','245,000'),(83,83,'2,793,284','1,797,822','1,779,322','18,500'),(84,84,'48,397,527','19,625,148','19,600,998','24,150'),(85,85,'2,916,467','1,657,471','1,641,971','15,500'),(86,86,'40,853,749','14,752,350','14,707,350','45,000'),(87,87,'15,833,116','6,061,334','6,030,834','30,500'),(88,88,'16,445,079','6,182,005','6,166,905','15,100'),(89,89,'4,926,087','2,269,744','2,249,744','20,000'),(90,90,'2,363,569','624,164','612,164','12,000'),(91,91,'14,030,368','5,614,086','5,584,086','30,000'),(92,92,'16,581,273','7,083,622','7,063,622','20,000'),(93,93,'1,422,659','814,705','806,505','8,200'),(94,94,'8,604,882','4,104,924','4,095,924','9,000'),(95,95,'3,369,299','1,574,878','1,549,878','25,000'),(96,96,'18,429,893','6,001,557','5,991,557','10,000'),(97,97,'19,742,715','7,811,200','7,800,000','11,200'),(98,98,'5,849,296','3,040,935','3,029,935','11,000'),(99,99,'5,068,050','2,375,779','2,366,779','9,000'),(100,100,'2,102,126','1,010,014','1,002,714','7,300'),(101,101,'25,640,965','9,501,657','9,487,157','14,500'),(102,102,'1,923,559','845,895','840,595','5,300'),(103,103,'19,866,231','6,759,819','6,754,519','5,300'),(104,104,'26,260,582','11,186,247','11,160,747','25,500'),(105,105,'3,103,428','1,828,609','1,818,609','10,000'),(106,106,'28,102,471','12,577,305','12,561,805','15,500'),(107,107,'16,449,519','8,245,963','8,120,963','125,000'),(108,108,'2,249,104','971,617','962,617','9,000'),(109,109,'55,451,343','10,288,498','10,258,498','30,000'),(110,110,'9,182,766','4,119,696','4,104,696','15,000'),(111,111,'3,038,217','1,741,085','1,696,085','45,000'),(112,112,'3,437,720','2,019,603','2,014,503','5,100'),(113,113,'7,025,763','3,382,866','3,372,366','10,500'),(114,114,'6,085,213','3,042,436','3,030,436','12,000'),(115,115,'3,057,220','1,529,438','1,519,438','10,000'),(116,116,'27,233,789','4,640,944','4,629,744','11,200'),(117,117,'10,204,581','5,442,655','5,245,155','197,500'),(118,118,'6,100,075','2,210,026','2,135,026','75,000'),(119,119,'1,244,288','602,514','596,014','6,500'),(120,120,'10,298,756','4,874,818','4,819,818','55,000'),(121,121,'5,062,021','1,948,754','1,938,754','10,000'),(122,122,'29,717,587','14,834,923','14,739,923','95,000'),(123,123,'614,249','148,191','146,191','2,000'),(124,124,'3,840,429','1,571,374','1,555,374','16,000'),(125,125,'25,683,610','10,158,526','10,145,026','13,500'),(126,126,'6,187,271','3,131,010','3,106,010','25,000'),(127,127,'2,118,945','1,061,116','1,053,116','8,000'),(128,128,'2,533,224','592,642','582,642','10,000'),(129,129,'5,745,062','2,355,731','2,348,581','7,150'),(130,130,'2,119,036','847,741','842,741','5,000'),(131,131,'7,234,171','3,278,143','3,248,143','30,000'),(132,132,'3,800,644','1,769,698','1,759,698','10,000'),(133,133,'3,849,891','2,405,132','2,394,632','10,500'),(134,134,'6,312,212','1,441,372','1,432,872','8,500'),(135,135,'597,927','134,590','132,740','1,850'),(136,136,'11,259,029','2,722,167','2,702,167','20,000'),(137,137,'4,809,768','2,229,023','2,226,923','2,100'),(138,138,'766,397','183,808','176,808','7,000');

/*Table structure for table `master` */

DROP TABLE IF EXISTS `master`;

CREATE TABLE `master` (
  `ID_MH` int(20) DEFAULT NULL,
  `ID_FAG` int(20) DEFAULT NULL,
  `ID_DC` int(20) DEFAULT NULL,
  `ID_SGM` int(20) DEFAULT NULL,
  `ID_ECL` int(20) DEFAULT NULL,
  `ID_EC` int(20) DEFAULT NULL,
  `ID_Country` int(20) DEFAULT NULL,
  `ID_Manpower` int(20) DEFAULT NULL,
  `ID_Airpower` int(20) DEFAULT NULL,
  `ID_LandForces` int(20) DEFAULT NULL,
  `ID_NavalForces` int(20) DEFAULT NULL,
  `ID_Geography` int(20) DEFAULT NULL,
  `ID_User` int(20) DEFAULT NULL,
  `ID_Dokter` int(20) DEFAULT NULL,
  KEY `ID_FAG` (`ID_FAG`),
  KEY `ID_DC` (`ID_DC`),
  KEY `ID_SGM` (`ID_SGM`),
  KEY `ID_ECL` (`ID_ECL`),
  KEY `ID_EC` (`ID_EC`),
  KEY `ID_Country` (`ID_Country`),
  KEY `ID_Manpower` (`ID_Manpower`),
  KEY `ID_Airpower` (`ID_Airpower`),
  KEY `ID_LandForces` (`ID_LandForces`),
  KEY `ID_NavalForces` (`ID_NavalForces`),
  KEY `ID_Geography` (`ID_Geography`),
  KEY `ID_User` (`ID_User`),
  KEY `ID_Dokter` (`ID_Dokter`),
  CONSTRAINT `master_ibfk_1` FOREIGN KEY (`ID_FAG`) REFERENCES `first_aid_guide` (`ID_FAG`),
  CONSTRAINT `master_ibfk_10` FOREIGN KEY (`ID_NavalForces`) REFERENCES `navalforces` (`ID_NavalForces`),
  CONSTRAINT `master_ibfk_11` FOREIGN KEY (`ID_Geography`) REFERENCES `geography` (`ID_Geography`),
  CONSTRAINT `master_ibfk_12` FOREIGN KEY (`ID_User`) REFERENCES `profile` (`ID_User`),
  CONSTRAINT `master_ibfk_13` FOREIGN KEY (`ID_Dokter`) REFERENCES `dokter` (`ID_Dokter`),
  CONSTRAINT `master_ibfk_2` FOREIGN KEY (`ID_DC`) REFERENCES `doctor_consultation` (`ID_DC`),
  CONSTRAINT `master_ibfk_3` FOREIGN KEY (`ID_SGM`) REFERENCES `survival_guide_military` (`ID_SGM`),
  CONSTRAINT `master_ibfk_4` FOREIGN KEY (`ID_ECL`) REFERENCES `emergency_calls` (`ID_ECL`),
  CONSTRAINT `master_ibfk_5` FOREIGN KEY (`ID_EC`) REFERENCES `emergency_contacts` (`ID_EC`),
  CONSTRAINT `master_ibfk_6` FOREIGN KEY (`ID_Country`) REFERENCES `country` (`ID_Country`),
  CONSTRAINT `master_ibfk_7` FOREIGN KEY (`ID_Manpower`) REFERENCES `manpower` (`ID_Manpower`),
  CONSTRAINT `master_ibfk_8` FOREIGN KEY (`ID_Airpower`) REFERENCES `airpower` (`ID_Airpower`),
  CONSTRAINT `master_ibfk_9` FOREIGN KEY (`ID_LandForces`) REFERENCES `landforces` (`ID_LandForces`)
) ENGINE=InnoDB DEFAULT CHARSET=utf8mb4;

/*Data for the table `master` */

/*Table structure for table `military_health` */

DROP TABLE IF EXISTS `military_health`;

CREATE TABLE `military_health` (
  `ID_MH` int(20) NOT NULL AUTO_INCREMENT,
  `ID_User` int(20) DEFAULT NULL,
  `Start_Date` datetime DEFAULT NULL,
  `End_Date` datetime DEFAULT NULL,
  `Lari` int(5) DEFAULT NULL,
  `Sit_up` int(5) DEFAULT NULL,
  `Push_up` int(5) DEFAULT NULL,
  `Pull_up` int(5) DEFAULT NULL,
  `Squat` int(5) DEFAULT NULL,
  `Vertical_jump` int(5) DEFAULT NULL,
  `Step` int(5) DEFAULT NULL,
  `Sit_Reach` int(5) DEFAULT NULL,
  `Duration` datetime DEFAULT NULL,
  `Summary` varchar(1000) DEFAULT NULL,
  `Report_Medical_Checkup` varchar(1000) DEFAULT NULL,
  `Status` varchar(20) DEFAULT NULL,
  PRIMARY KEY (`ID_MH`),
  KEY `ID_User` (`ID_User`),
  CONSTRAINT `military_health_ibfk_1` FOREIGN KEY (`ID_User`) REFERENCES `profile` (`ID_User`)
) ENGINE=InnoDB AUTO_INCREMENT=20 DEFAULT CHARSET=utf8mb4;

/*Data for the table `military_health` */

insert  into `military_health`(`ID_MH`,`ID_User`,`Start_Date`,`End_Date`,`Lari`,`Sit_up`,`Push_up`,`Pull_up`,`Squat`,`Vertical_jump`,`Step`,`Sit_Reach`,`Duration`,`Summary`,`Report_Medical_Checkup`,`Status`) values (1,1,'2020-10-09 00:00:00',NULL,12,28,40,24,20,20,80,3,NULL,NULL,'b2d14f7c06a71119ec7650e8b3ee57d8.pdf',NULL),(6,3,'2020-12-13 00:00:00',NULL,NULL,NULL,NULL,NULL,NULL,NULL,NULL,NULL,NULL,NULL,NULL,'New'),(7,2,'2020-11-02 20:44:42','2020-11-08 20:44:49',10,34,30,27,25,50,107,5,NULL,NULL,NULL,'Approved'),(8,2,'2020-11-09 00:00:00','2020-12-13 20:46:52',11,34,30,29,25,50,107,6,NULL,NULL,NULL,'Approved'),(9,2,'2020-11-16 20:46:56','2020-11-22 20:47:00',12,34,30,30,25,50,107,7,NULL,NULL,NULL,'Approved'),(10,2,'2020-11-23 20:47:06','2020-11-29 20:47:12',13,34,30,31,25,50,107,8,NULL,NULL,NULL,'Approved'),(11,2,'2020-10-05 21:11:11','2020-10-11 21:11:02',60,60,60,60,60,60,107,60,NULL,NULL,NULL,'New'),(12,2,'2020-10-12 21:11:22','2020-10-18 21:11:48',60,60,60,60,60,60,107,60,NULL,NULL,NULL,'Waiting Approval'),(13,2,'2020-10-19 21:11:28','2020-10-25 21:12:01',60,60,60,60,60,60,107,60,NULL,NULL,NULL,'Waiting Approval'),(14,2,'2020-10-26 21:11:32','2020-11-01 21:12:07',60,60,60,60,60,60,107,60,NULL,NULL,NULL,'Waiting Approval'),(15,2,'2020-12-14 00:00:00','2020-12-14 00:00:00',10,34,24,25,25,50,107,5,NULL,NULL,NULL,'New'),(19,2,'2020-12-15 00:00:00',NULL,10,50,25,25,40,40,107,5,NULL,NULL,NULL,'New');

/*Table structure for table `navalforces` */

DROP TABLE IF EXISTS `navalforces`;

CREATE TABLE `navalforces` (
  `ID_NavalForces` int(3) NOT NULL AUTO_INCREMENT,
  `ID_Country` int(3) DEFAULT NULL,
  `Total_Assets` varchar(20) DEFAULT NULL,
  `Submarines` varchar(20) DEFAULT NULL,
  `Corvettes` varchar(20) DEFAULT NULL,
  `Patrol` varchar(20) DEFAULT NULL,
  PRIMARY KEY (`ID_NavalForces`),
  KEY `ID_Country` (`ID_Country`),
  CONSTRAINT `navalforces_ibfk_1` FOREIGN KEY (`ID_Country`) REFERENCES `country` (`ID_Country`)
) ENGINE=InnoDB AUTO_INCREMENT=139 DEFAULT CHARSET=utf8mb4;

/*Data for the table `navalforces` */

insert  into `navalforces`(`ID_NavalForces`,`ID_Country`,`Total_Assets`,`Submarines`,`Corvettes`,`Patrol`) values (1,1,'490','66','19','13'),(2,2,'603','62','79','41'),(3,3,'777','74','50','220'),(4,4,'285','16','19','139'),(5,5,'155','20','6','6'),(6,6,'234','22','12','111'),(7,7,'180','9','0','17'),(8,8,'88','10','0','22'),(9,9,'316','8','7','45'),(10,10,'112','6','2','22'),(11,11,'149','12','10','35'),(12,12,'249','8','0','16'),(13,13,'80','6','5','0'),(14,14,'398','34','3','342'),(15,15,'100','8','2','12'),(16,16,'282','5','24','156'),(17,17,'55','0','4','9'),(18,18,'65','5','4','45'),(19,19,'48','6','0','13'),(20,20,'77','3','0','23'),(21,21,'87','3','1','4'),(22,22,'65','6','14','26'),(23,23,'292','0','7','238'),(24,24,'64','4','0','20'),(25,25,'984','83','2','416'),(26,26,'117','4','1','39'),(27,27,'25','0','0','11'),(28,28,'201','6','3','25'),(29,29,'30','3','0','31'),(30,30,'','','',''),(31,31,'62','6','6','16'),(32,32,'63','5','7','161'),(33,33,'116','11','0','35'),(34,34,'','','',''),(35,35,'187','1','3','117'),(36,36,'63','4','0','4'),(37,37,'453','11','2','311'),(38,38,'189','0','0','132'),(39,39,'48','0','4','3'),(40,40,'60','5','6','6'),(41,41,'49','2','3','29'),(42,42,'75','0','0','100'),(43,43,'49','2','9','11'),(44,44,'61','2','6','41'),(45,45,'75','0','9','35'),(46,46,'112','2','6','30'),(47,47,'69','4','0','81'),(48,48,'103','0','1','76'),(49,49,'74','0','0','15'),(50,50,'60','0','0','25'),(51,51,'40','0','6','11'),(52,52,'','','',''),(53,53,'','','',''),(54,54,'','','',''),(55,55,'56','0','0','33'),(56,56,'57','0','0','37'),(57,57,'121','0','4','105'),(58,58,'','','',''),(59,59,'246','0','0','8'),(60,60,'','','',''),(61,61,'41','2','0','19'),(62,62,'29','0','3','4'),(63,63,'15','0','0','14'),(64,64,'31','4','0','13'),(65,65,'19','0','0','7'),(66,66,'','','',''),(67,67,'173','0','0','57'),(68,68,'19','2','6','5'),(69,69,'28','0','0','10'),(70,70,'17','0','0','2'),(71,71,'20','0','0','1'),(72,72,'37','0','0','27'),(73,73,'12','0','0','31'),(74,74,'30','0','2','5'),(75,75,'16','0','5','12'),(76,76,'18','0','0','12'),(77,77,'4','0','0','20'),(78,78,'','','',''),(79,79,'11','0','0','6'),(80,80,'5','0','0','0'),(81,81,'50','0','0','28'),(82,82,'40','0','0','67'),(83,83,'12','0','0','4'),(84,84,'19','0','0','7'),(85,85,'38','0','0','106'),(86,86,'8','0','0','0'),(87,87,'','','',''),(88,88,'','','',''),(89,89,'9','0','0','12'),(90,90,'86','0','0','68'),(91,91,'','','',''),(92,92,'26','0','0','10'),(93,93,'39','0','0','38'),(94,94,'','','',''),(95,95,'20','0','0','3'),(96,96,'','','',''),(97,97,'','','',''),(98,98,'','','',''),(99,99,'8','0','0','8'),(100,100,'2','0','0','2'),(101,101,'64','0','0','13'),(102,102,'18','0','0','11'),(103,103,'','','',''),(104,104,'10','0','0','6'),(105,105,'','','',''),(106,106,'20','0','0','13'),(107,107,'27','0','0','22'),(108,108,'','','',''),(109,109,'19','0','0','10'),(110,110,'59','0','0','56'),(111,111,'','','',''),(112,112,'','','',''),(113,113,'40','0','0','17'),(114,114,'30','0','0','18'),(115,115,'38','0','0','19'),(116,116,'8','0','0','8'),(117,117,'','','',''),(118,118,'57','0','0','13'),(119,119,'6','0','0','0'),(120,120,'33','0','0','13'),(121,121,'6','0','0','0'),(122,122,'','','',''),(123,123,'18','0','0','6'),(124,124,'5','0','0','4'),(125,125,'8','0','0','7'),(126,126,'4','0','0','3'),(127,127,'','','',''),(128,128,'8','0','0','6'),(129,129,'','','',''),(130,130,'10','0','0','3'),(131,131,'36','0','0','35'),(132,132,'20','0','0','0'),(133,133,'0','0','0','0'),(134,134,'10','0','0','7'),(135,135,'3','0','0','3'),(136,136,'3','0','0','11'),(137,137,'0','0','0','0'),(138,138,'','','','');

/*Table structure for table `profile` */

DROP TABLE IF EXISTS `profile`;

CREATE TABLE `profile` (
  `ID_User` int(20) NOT NULL AUTO_INCREMENT,
  `ID_Atasan` int(20) DEFAULT NULL,
  `Password` varchar(20) DEFAULT NULL,
  `Nama` varchar(30) DEFAULT NULL,
  `Tempat_Lahir` varchar(20) DEFAULT NULL,
  `Tanggal_Lahir` date DEFAULT NULL,
  `Pangkat/Korps` varchar(30) DEFAULT NULL,
  `NRP/NBI` varchar(30) DEFAULT NULL,
  `Jabatan` varchar(30) DEFAULT NULL,
  `Gol_Darah` varchar(3) DEFAULT NULL,
  `Email` varchar(30) DEFAULT NULL,
  `Role` varchar(30) DEFAULT NULL,
  PRIMARY KEY (`ID_User`)
) ENGINE=InnoDB AUTO_INCREMENT=6 DEFAULT CHARSET=utf8mb4;

/*Data for the table `profile` */

insert  into `profile`(`ID_User`,`ID_Atasan`,`Password`,`Nama`,`Tempat_Lahir`,`Tanggal_Lahir`,`Pangkat/Korps`,`NRP/NBI`,`Jabatan`,`Gol_Darah`,`Email`,`Role`) values (1,3,'adi123','Adi Prasetyo','Jakarta','1985-03-17','Pati Bintang 2','31050322581283','Kapuskes TNI','AB','adiprasetyo@gmail.com','Admin'),(2,3,'setyo123','Setyo Budi','Yogyakarta','1990-09-06','Pati Bintang 3','21080880530488','Kasad','A','setyobudi@gmail.com','User'),(3,NULL,'dimas123','Dimas Leksono','Malang','1981-12-31','Pati Bintang 4','61090411562356','Kapuskesad','B','dimasleksono@gmail.com','User');

/*Table structure for table `survival_guide_military` */

DROP TABLE IF EXISTS `survival_guide_military`;

CREATE TABLE `survival_guide_military` (
  `ID_SGM` int(20) NOT NULL AUTO_INCREMENT,
  `Title` varchar(50) DEFAULT NULL,
  `Created_Date` datetime DEFAULT NULL,
  `File_Name` varchar(50) DEFAULT NULL,
  `Description` text DEFAULT NULL,
  PRIMARY KEY (`ID_SGM`)
) ENGINE=InnoDB AUTO_INCREMENT=25 DEFAULT CHARSET=utf8mb4;

/*Data for the table `survival_guide_military` */

insert  into `survival_guide_military`(`ID_SGM`,`Title`,`Created_Date`,`File_Name`,`Description`) values (1,'Basic Survival Medicine','2020-10-08 00:00:00','Basic_Survival_Medicine.pdf','Pertolongan pertama pada kecelakaan (P3K) merupakan aspek survival yang sangat vital namun sering diabaikan oleh penggiat alam bebas. Kebanyakan lebih mementingkan faktor kenyamanan, seperti shelter dan perbekalan. Padahal, P3K merupakan aspek paling pertama dari lima teknik dasar survival. Alam bisa bersahabat dengan kita namun terkadang juga malah mencelakakan kita. Datangnya musibah tidak akan pernah bisa kita prediksi, namun bisa kita hindari dengan mempelajari kemampuan survival dan mempersiapkan segala sesuatunya sebelum pemberangkatan. Maka dari itu, persiapan perlengkapan P3K sangat penting dilakukan sebelum kita terjun ke alam bebas karena P3K merupakan nyawa cadangan kita. Obat-obat untuk membersihkan luka, obat diare, lotion anti nyamuk. Banyaknya perlengkapan disesuaikan dengan kebutuhan dan kondisi medan yang akan dihadapi. '),(2,'Buku Saku Panduan Survival Prajurit di Lapangan Tu','2020-11-01 23:23:38','Buku_Saku_Panduan_Survival_Prajurit_di_Lapangan_Tu','Buku panduan (guide book) praktis bagi prajurit yang bertugas di lapangan karena isi buku tersebut merupakan hasil penelitian pada tanaman dengan informasi yang diperoleh langsung dari berbagai daerah/medan yang biasa ditempati oleh prajurit sehingga diharapkan seorang prajurit akan tetap ―survive dimedan tugas dengan memanfaatkan berbagai sumber pangan dan obat dari alam sejauh mereka tidak mengkonsumsi tumbuhan yang salah/beracun.  Pengetahuan survival wajib dikuasai oleh para prajurit untuk menghadapi situasi darurat lantaran kehilangan orientasi atau kehabisan bekal. Kiat hidup darurat ini penting, soalnya alam sulit diprediksi, walaupun sejak awal Anda telah mempersiapkan segala sesuatu secermat mungkin. Buku saku ini dapat dimanfaatkan sebaik-baiknya oleh anggota TNI dalam rangka pertahanan dan keamanan di medan tugas.'),(3,'Camouflage','2020-09-07 12:11:20','Camouflage.pdf','Dalam situasi bertahan hidup, terutama di lingkungan yang tidak bersahabat, Anda mungkin merasa perlu untuk menyamarkan diri, peralatan, dan gerakan Anda. Ini mungkin berarti perbedaan antara bertahan hidup dan ditangkap oleh musuh. Teknik kamuflase dan gerakan, seperti berbicara, juga akan membantu Anda mendapatkan hewan atau permainan untuk dimakan menggunakan senjata dan keterampilan primitif. Saat menyamarkan diri sendiri, pertimbangkan bahwa bentuk tertentu khusus untuk manusia. Musuh akan mencari bentuk-bentuk ini. Bentuk topi, helm, atau sepatu bot hitam bisa membuat Anda menjauh. Bahkan hewan tahu dan lari dari bentuk siluet manusia. Pisahkan garis luar Anda dengan menempatkan sedikit tumbuhan dari area sekitar dengan seragam, peralatan, dan tutup kepala Anda. Cobalah untuk mengurangi kilau dari kulit atau peralatan. Campur dengan warna sekitar dan mensimulasikan tekstur lingkungan Anda. Untuk menyembunyikan dan menyamarkan gerakan di area tertentu di dunia, Anda harus mengambil warna dan tekstur di sekitarnya. Gunakan bahan alami atau buatan manusia untuk menyamarkan diri Anda. Cat kamuflase, arang dari kertas atau kayu yang terbakar, lumpur, daun rumput, potongan kain atau kain goni, dahan pinus, dan seragam yang disamarkan adalah beberapa contohnya. Tutupi semua area kulit yang terbuka, termasuk wajah, tangan, leher, dan telinga.'),(4,'Cold Weather Survival','2020-09-17 20:12:00','Cold_Weather_Survival.pdf','Salah satu situasi bertahan hidup yang paling sulit adalah skenario cuaca dingin. Ingat, cuaca dingin adalah musuh yang bisa sama berbahayanya dengan tentara musuh. Setiap kali Anda menjelajah ke cuaca dingin, Anda mengadu diri Anda sendiri dengan berbagai elemen. Dengan sedikit pengetahuan tentang lingkungan, rencana yang tepat, dan peralatan yang sesuai, Anda dapat mengatasi berbagai elemen tersebut. Saat Anda menghilangkan satu atau lebih dari faktor-faktor ini, kelangsungan hidup menjadi semakin sulit. Ingat, cuaca musim dingin sangat bervariasi. Persiapkan diri Anda untuk beradaptasi dengan kondisi badai salju bahkan saat cuaca cerah dan cerah. Dingin adalah ancaman yang jauh lebih besar bagi kelangsungan hidup daripada yang terlihat. Ini mengurangi kemampuan Anda untuk berpikir dan melemahkan keinginan Anda untuk melakukan apa pun kecuali menjadi hangat. Dingin adalah musuh yang berbahaya; karena itu mematikan pikiran dan tubuh, itu menaklukkan keinginan untuk bertahan hidup. Dingin membuatnya sangat mudah untuk melupakan tujuan akhir Anda - untuk bertahan hidup. Lebih sulit bagi Anda untuk memenuhi kebutuhan dasar air, makanan, dan tempat berteduh dalam cuaca dingin'),(5,'Contact With People','2020-10-14 23:25:58','Contact_With_People.pdf','Orang akan ramah, tidak bersahabat, atau mereka akan memilih untuk mengabaikan Anda. Sikap mereka mungkin tidak diketahui. Jika orang-orang dikenal ramah, cobalah untuk membuat mereka tetap ramah melalui kesopanan dan penghargaan Anda terhadap agama, politik, adat istiadat sosial, kebiasaan, dan semua aspek budaya mereka. Jika orang tersebut diketahui musuh atau tidak dikenal, lakukan segala upaya untuk menghindari kontak dan jangan tinggalkan tanda-tanda kehadiran Anda. Pengetahuan dasar tentang kebiasaan sehari-hari masyarakat lokal akan sangat penting dalam upaya ini. Jika setelah pengamatan yang cermat Anda memutuskan bahwa orang yang tidak dikenal itu ramah, Anda dapat menghubungi mereka jika Anda benar-benar membutuhkan bantuan mereka. Biasanya, Anda hanya memiliki sedikit rasa takut dan banyak keuntungan dari kontak yang hati-hati dan hormat dengan orang-orang lokal dari negara-negara sahabat atau netral. Jika Anda terbiasa dengan adat istiadat setempat, menunjukkan kesopanan umum, dan yang terpenting, menunjukkan rasa hormat terhadap adat istiadat mereka, Anda seharusnya dapat menghindari masalah dan mungkin mendapatkan bantuan yang dibutuhkan. Untuk melakukan kontak, tunggulah sampai hanya satu orang yang dekat dan, jika memungkinkan, biarkan orang tersebut melakukan pendekatan awal. Kebanyakan orang akan bersedia membantu korban yang tampaknya membutuhkan. Namun, sikap, instruksi, atau upaya propaganda politik lokal dapat mengubah sikap orang-orang yang bersahabat. Sebaliknya, di negara yang tidak bersahabat, banyak orang, terutama di daerah terpencil, mungkin merasa bermusuhan dengan politisi mereka dan mungkin lebih ramah terhadap orang yang selamat.'),(6,'Dangerous Animal','2020-11-10 23:26:49','Dangerous_Animal.pdf','Hewan jarang mengancam orang yang selamat seperti bagian lingkungan lainnya. Akal sehat memberitahu orang yang selamat untuk menghindari pertemuan dengan singa, beruang, dan hewan besar atau berbahaya lainnya. Anda juga harus menghindari hewan besar yang merumput dengan tanduk, kuku, dan bobot yang besar. Tindakan Anda dapat mencegah pertemuan yang tidak terduga. Bergerak dengan hati-hati melalui lingkungan mereka. Jangan menarik predator besar dengan meninggalkan makanan di sekitar perkemahan Anda. Survei pemandangan dengan cermat sebelum memasuki air atau hutan. Hewan yang lebih kecil lebih merupakan ancaman bagi penyintas daripada hewan besar. Untuk mengimbangi ukurannya, alam telah memberikan banyak senjata pada hewan kecil seperti taring dan penyengat untuk mempertahankan diri. Setiap tahun, beberapa orang digigit hiu, digigit aligator, dan diserang oleh beruang. Sebagian besar dari insiden ini dalam beberapa hal merupakan kesalahan korban. Namun, setiap tahun lebih banyak korban meninggal karena gigitan ular berbisa yang relatif kecil daripada hewan besar yang berbahaya. Bahkan lebih banyak korban meninggal karena reaksi alergi terhadap sengatan lebah.'),(7,'Desert Survival','2020-11-13 23:27:21','Desert_Survival.pdf','Medan gurun membuat pergerakan menjadi sulit. Navigasi darat akan sangat sulit karena mungkin hanya ada sedikit landmark. Penutupan dan penyembunyian mungkin sangat terbatas; oleh karena itu, ancaman paparan musuh tetap konstan. Medan gurun membuat pergerakan menjadi sulit dan menuntut. Navigasi darat akan sangat sulit karena mungkin hanya ada sedikit landmark. Penutupan dan penyembunyian mungkin sangat terbatas; oleh karena itu, ancaman paparan musuh tetap konstan. Bertahan dan menghindari musuh di daerah gersang tergantung pada apa yang Anda ketahui dan seberapa siap Anda untuk kondisi lingkungan yang akan Anda hadapi. Tentukan peralatan apa yang Anda perlukan, taktik yang akan Anda gunakan, dan dampak lingkungan pada mereka dan Anda. Suhu pasir dan batu gurun rata-rata 16 hingga 22 derajat C (30 hingga 40 derajat F) lebih tinggi dari suhu udara. Misalnya, ketika suhu udara 43 derajat C (110 derajat F), suhu pasir mungkin 60 derajat C (140 derajat F). Sinar matahari dan panas yang intens meningkatkan kebutuhan tubuh akan air. Untuk menghemat cairan dan energi tubuh, Anda memerlukan tempat berlindung untuk mengurangi paparan panas pada hari itu. Bepergian di malam hari untuk mengurangi penggunaan air, Radio dan peralatan sensitif yang terpapar sinar matahari langsung yang intens akan mengalami kegagalan fungsi.'),(8,'Expedient_Water_Crossing','2020-11-07 23:28:08','Expedient_Water_Crossing.pdf','Dalam situasi bertahan hidup, Anda mungkin harus melewati rintangan air. Bentuknya bisa berupa sungai, sungai kecil, danau, rawa, pasir apung, rawa, atau muskeg. Bahkan di padang pasir, banjir bandang terjadi, membuat aliran sungai menjadi penghalang. Apa pun itu, Anda perlu tahu cara menyeberanginya dengan aman. Kedalaman sungai atau aliran sungai yang bisa diarungi tidak menghalangi jika Anda bisa tetap berpijak. Faktanya, air dalam terkadang mengalir lebih lambat dan oleh karena itu lebih aman daripada air dangkal yang bergerak cepat. Anda selalu bisa mengeringkan pakaian Anda nanti, atau jika perlu, Anda bisa membuat rakit untuk dibawa pakaian dan peralatan Anda di seberang sana. Anda tidak boleh mencoba berenang atau menyeberang sungai atau sungai saat suhu air sangat rendah. Berenang ini bisa berakibat fatal. Cobalah membuat beberapa jenis rakit. Menyeberanglah jika Anda hanya bisa membuat kaki Anda basah. Keringkan dengan kuat segera setelah Anda mencapai bank lain. Jika perlu, Anda dapat dengan aman menyeberangi sungai atau jeram yang dalam dan deras. Untuk berenang melintasi laut yang dalam, cepat sungai, berenang mengikuti arus, tidak pernah melawannya. Usahakan tubuh Anda tetap horizontal ke air. Ini akan mengurangi bahaya terseret ke bawah. Dalam jeram cepat dan dangkal, berbaring telentang, kaki mengarah ke hilir, tempelkan tangan di samping pinggul. Tindakan ini akan meningkatkan daya apung dan membantu Anda menjauh dari rintangan. Angkat kaki Anda agar tidak memar atau tersangkut batu. '),(9,'Field Expedient Weapons Tools And Equipment','2020-11-04 23:28:28','Field_Expedient_Weapons_Tools_And_Equipment.pdf','Sebagai seorang prajurit, Anda tahu pentingnya perawatan yang tepat dan penggunaan senjata, perkakas, dan perlengkapan Anda. Hal ini terutama berlaku untuk pisau Anda. Anda harus selalu menjaganya tetap tajam dan siap digunakan. Pisau adalah alat Anda yang paling berharga dalam situasi bertahan hidup. Bayangkan berada dalam situasi bertahan hidup tanpa senjata, alat, atau perlengkapan apa pun kecuali milik Anda pisau. Itu mungkin terjadi! Anda bahkan mungkin tanpa pisau. Anda mungkin akan merasa tidak berdaya, tetapi dengan pengetahuan dan keterampilan yang tepat, Anda dapat dengan mudah mengimprovisasi item yang dibutuhkan. Dalam situasi bertahan hidup, Anda mungkin harus membuat sejumlah dan jenis alat dan perlengkapan yang berguna di lapangan untuk bertahan hidup. Contoh alat dan perlengkapan yang bisa membuat hidup Anda lebih mudah adalah tali, ransel, baju, jaring, dan lain sebagainya. Senjata memiliki tujuan ganda. Anda menggunakannya untuk mendapatkan dan menyiapkan makanan dan untuk membela diri. Senjata juga dapat memberi Anda perasaan aman dan memberi Anda kemampuan untuk berburu saat bepergian. Anda dapat merobek dan mengepang serat tanaman dari kulit bagian dalam beberapa pohon untuk membuat kabelnya. Anda dapat menggunakan pohon linden, elm, hickory, white oak, mulberry, chestnut, serta pohon cedar merah dan putih. Setelah Anda membuat kabelnya, ujilah untuk memastikannya cukup kuat untuk keperluan Anda. Anda bisa membuat bahan-bahan ini lebih kuat dengan menjalin beberapa helai menjadi satu.'),(10,'Field Expedient Direction Finding','2020-11-08 23:29:19','Field_Expedient_Direction_Finding.pdf','Dalam situasi bertahan hidup, Anda akan sangat beruntung jika kebetulan memiliki peta dan kompas. Jika Anda memiliki dua peralatan ini, kemungkinan besar Anda bisa bergerak ke arah bantuan. Jika Anda tidak mahir dalam menggunakan peta dan kompas, Anda harus mengambil langkah-langkah untuk mendapatkan keterampilan ini. Ada beberapa metode untuk menentukan arah dengan menggunakan matahari dan bintang. Metode ini, bagaimanapun, hanya akan memberi Anda arahan umum. Anda bisa mendapatkan arah yang lebih mendekati benar jika Anda mengetahui medan wilayah atau negara. Anda harus mempelajari semua yang Anda bisa tentang medan negara atau wilayah tempat Anda atau unit Anda mungkin dikirim, terutama fitur atau landmark yang menonjol. Pengetahuan tentang medan ini bersama dengan menggunakan metode yang dijelaskan di bawah ini akan memungkinkan Anda mendapatkan petunjuk yang cukup benar untuk membantu Anda menavigasi. Arah angin mungkin berguna dalam beberapa kasus di mana terdapat arah yang berlaku dan Anda tahu apa itu.'),(11,'Firecraft','2020-11-03 23:30:11','Firecraft.pdf','Dalam banyak situasi bertahan hidup, kemampuan untuk menyalakan api dapat membuat perbedaan antara hidup dan mati. Api dapat memenuhi banyak kebutuhan. Itu bisa memberikan kehangatan dan kenyamanan. Tidak hanya memasak dan mengawetkan makanan, tetapi juga memberikan kehangatan dalam bentuk makanan yang dipanaskan sehingga menghemat kalori yang biasa digunakan tubuh kita untuk enghasilkan panas tubuh. Anda dapat menggunakan api untuk memurnikan air, mensterilkan perban, memberi isyarat untuk penyelamatan, dan memberikan perlindungan dari hewan. Ini bisa menjadi dorongan psikologis dengan memberikan ketenangan pikiran dan persahabatan. Anda juga dapat menggunakan api untuk menghasilkan alat dan senjata, kebakaran juga dapat menyebabkan masalah. Musuh bisa mendeteksi asap dan cahaya yang dihasilkannya. Ini dapat menyebabkan kebakaran hutan atau menghancurkan peralatan penting. Kebakaran juga dapat menyebabkan luka bakar, keracunan karbon monoksida saat digunakan di tempat penampungan. Ingatlah kebutuhan Anda akan api dengan kebutuhan Anda untuk menghindari deteksi musuh. Memahami konsep segitiga api sangat penting dalam membangun dan memelihara api dengan benar. Tiga sisi segitiga mewakili udara, panas, dan bahan bakar. Jika Anda menghapus salah satu dari ini, apinya akan padam.'),(12,'Food Procurement','2020-11-11 23:30:42','Food_Procurement.pdf','Setelah air, kebutuhan manusia yang paling mendesak adalah makanan. Dalam merenungkan hampir semua situasi hipotetis bertahan hidup, pikiran segera beralih ke pikiran tentang makanan. Kecuali jika keadaan tersebut terjadi di lingkungan yang gersang, bahkan air yang lebih penting untuk menjaga fungsi tubuh akan hampir selalu mengikuti makanan dalam pikiran awal kita. Orang yang selamat harus ingat bahwa tiga hal penting untuk bertahan hidup - air, makanan, dan tempat berlindung - diprioritaskan menurut perkiraan situasi sebenarnya. Perkiraan ini tidak hanya harus tepat waktu tetapi juga akurat. Beberapa situasi mungkin mendikte bahwa tempat tinggal mendahului makanan dan air. Anda dapat, dengan sedikit pengecualian, makan apa pun yang merangkak, berenang, berjalan, atau terbang. Rintangan pertama adalah mengatasi keengganan alami Anda terhadap sumber makanan tertentu. Secara historis, orang-orang yang berada dalam situasi kelaparan terpaksa memakan semua yang bisa dibayangkan untuk makanan. Seseorang yang mengabaikan sumber makanan sehat karena prasangka pribadi, atau karena dia merasa tidak menggugah selera, mempertaruhkan kelangsungan hidupnya sendiri. Meskipun pada awalnya mungkin sulit, orang yang selamat harus makan apa yang tersedia untuk menjaga kesehatannya.'),(13,'Introduction Survival Actions Pattern for Survival','2020-11-24 23:31:45','Introduction_Survival_Actions_Pattern_for_Survival','Kembangkan pola bertahan hidup yang memungkinkan Anda mengalahkan musuh bertahan hidup. Pola bertahan hidup ini harus mencakup makanan, air, tempat berteduh, api, pertolongan pertama, dan sinyal yang ditempatkan berdasarkan kepentingan. Misalnya, di lingkungan yang dingin, Anda membutuhkan api untuk menjadi hangat; tempat berlindung untuk melindungi Anda dari dingin, angin, dan hujan atau salju; jebakan atau jerat untuk mendapatkan makanan; sarana untuk memberi sinyal pesawat persahabatan; dan pertolongan pertama untuk menjaga kesehatan. Jika terluka, prioritaskan pertolongan pertama tidak peduli iklim apa Anda berada. Ubah pola kelangsungan hidup Anda untuk memenuhi kebutuhan fisik Anda saat lingkungan berubah. Saat Anda membaca seluruh panduan ini, ingatlah kata kunci SURVIVAL dan kebutuhan pola bertahan hidup.'),(14,'Poisonous Plant','2020-11-12 23:33:01','Poisonous_Plant.pdf','Keberhasilan penggunaan tanaman dalam situasi bertahan hidup bergantung pada identifikasi positif. Mengetahui tanaman beracun bagi penyintas sama pentingnya dengan mengetahui tanaman yang dapat dimakan. Mengetahui tanaman beracun akan membantu Anda menghindari cedera dari mereka. Ini adalah keuntungan bagi Anda untuk belajar sebanyak mungkin tentang tumbuhan. Banyak tanaman beracun terlihat seperti kerabatnya yang bisa dimakan atau seperti tanaman lain yang bisa dimakan. Misalnya, racun hemlock tampak sangat mirip dengan wortel liar. Tanaman tertentu aman dimakan pada musim atau tahapan tertentu pertumbuhannya dan beracun pada tahapan lainnya. Misalnya, daun pokeweed dapat dimakan saat pertama kali tumbuh, tetapi segera menjadi beracun. Anda bisa makan beberapa tanaman dan buahnya hanya jika sudah matang. Misalnya, buah mayapple yang matang dapat dimakan, tetapi semua bagian lain dan buah hijaunya beracun. Beberapa tanaman mengandung bagian yang bisa dimakan dan beracun; kentang dan to'),(15,'Psychology Of Survival','2020-11-20 23:33:05','Psychology_Of_Survival.pdf','Keberhasilan penggunaan tanaman dalam situasi bertahan hidup bergantung pada identifikasi positif. Mengetahui tanaman beracun bagi penyintas sama pentingnya dengan mengetahui tanaman yang dapat dimakan. Mengetahui tanaman beracun akan membantu Anda menghindari cedera dari mereka. Ini adalah keuntungan bagi Anda untuk belajar sebanyak mungkin tentang tumbuhan. Banyak tanaman beracun terlihat seperti kerabatnya yang bisa dimakan atau seperti tanaman lain yang bisa dimakan. Misalnya, racun hemlock tampak sangat mirip dengan wortel liar. Tanaman tertentu aman dimakan pada musim atau tahapan tertentu pertumbuhannya dan beracun pada tahapan lainnya. Misalnya, daun pokeweed dapat dimakan saat pertama kali tumbuh, tetapi segera menjadi beracun. Anda bisa makan beberapa tanaman dan buahnya hanya jika sudah matang. Misalnya, buah mayapple yang matang dapat dimakan, tetapi semua bagian lain dan buah hijaunya beracun. Beberapa tanaman mengandung bagian yang bisa dimakan dan beracun; kentang dan tomat adalah makanan nabati yang umum, tetapi bagian hijaunya beracun. Beberapa tanaman menjadi beracun setelah layu.'),(16,'Sea Survival','2020-11-17 23:33:45','Sea_Survival.pdf','Mungkin situasi bertahan hidup yang paling sulit adalah bertahan hidup di laut. Kelangsungan hidup jangka pendek atau panjang tergantung pada jatah dan peralatan yang tersedia serta kecerdikan Anda. Anda harus pandai untuk bertahan hidup. Sebagai penyintas di laut lepas, Anda akan menghadapi ombak dan angin. Anda mungkin juga menghadapi panas atau dingin yang ekstrim. Untuk mencegah bahaya lingkungan ini menjadi masalah serius, lakukan tindakan pencegahan sesegera mungkin. Gunakan sumber daya yang tersedia untuk melindungi diri Anda dari unsur-unsur dan dari panas atau dingin yang ekstrim dan kelembaban. Melindungi diri Anda dari elemen hanya memenuhi satu kebutuhan dasar Anda. Anda juga harus bisa mendapatkan air dan makanan. Pemenuhan ketiga kebutuhan dasar ini akan membantu mencegah masalah fisik dan psikologis yang serius. Namun, Anda harus tahu cara menangani masalah kesehatan yang mungkin timbul dari situasi Anda. Jika Anda bertanggung jawab atas personel lain di pesawat, pastikan Anda tahu di mana mereka dan mereka tahu di mana Anda berada.'),(17,'Shelters','2020-11-23 23:34:15','Shelters.pdf','Tempat berlindung dapat melindungi Anda dari sinar matahari, serangga, angin, hujan, salju, suhu panas atau dingin, dan pengamatan musuh. Ini bisa memberi Anda perasaan nyaman. Ini dapat membantu Anda mempertahankan keinginan untuk bertahan hidup. Di beberapa daerah, kebutuhan Anda akan tempat tinggal mungkin lebih diutamakan daripada kebutuhan Anda akan makanan dan bahkan mungkin kebutuhan Anda akan air. Misalnya, paparan dingin dalam waktu lama dapat menyebabkan kelelahan dan kelemahan yang berlebihan (kelelahan). Orang yang kelelahan bisa mengembangkan pandangan \"pasif\", sehingga kehilangan keinginan untuk bertahan hidup. Kesalahan paling umum dalam membuat shelter adalah membuatnya terlalu besar. Tempat berlindung harus cukup besar untuk melindungi Anda. Itu juga harus cukup kecil untuk menampung tubuh Anda panas, terutama di iklim dingin. Ketika Anda berada dalam situasi bertahan hidup dan menyadari bahwa tempat berlindung adalah prioritas utama, mulailah mencari tempat berlindung sesegera mungkin. Tempat berlindung dapat membusuk Anda dari matahari, serangga, angin, hujan, salju, panas atau suhu dingin, dan pengamatan musuh. Ini bisa memberi Anda perasaan nyaman. Ini dapat membantu Anda mempertahankan keinginan untuk bertahan hidup. Di beberapa daerah, kebutuhan Anda akan tempat tinggal mungkin lebih diutamakan daripada kebutuhan Anda akan makanan dan bahkan mungkin kebutuhan Anda akan air. Misalnya, paparan dingin dalam waktu lama dapat menyebabkan kelelahan dan kelemahan yang berlebihan (kelelahan).Ketika Anda berada dalam situasi bertahan hidup dan menyadari bahwa tempat berlindung adalah prioritas utama, mulailah mencari tempat berlindung sesegera mungkin, tempat berlindung dapat membusuk Anda dari matahari, serangga, angin, hujan, salju, suhu panas atau dingin, dan pengamatan musuh . Ini bisa memberi Anda perasaan nyaman. Ini dapat membantu Anda mempertahankan keinginan untuk bertahan hidup.'),(18,'Signaling Techniques','2020-11-10 23:34:44','Signaling_Techniques.pdf','Apa pun teknik atau perangkat pensinyalan yang Anda rencanakan untuk digunakan, ketahui cara menggunakannya dan bersiaplah untuk mengoperasikannya dalam waktu singkat. Jika memungkinkan, hindari penggunaan sinyal atau teknik pensinyalan yang secara fisik dapat membahayakan Anda. Ingatlah bahwa sinyal ke teman Anda mungkin mengingatkan musuh tentang keberadaan dan lokasi Anda. Sebelum memberi isyarat, pertimbangkan dengan cermat peluang penyelamatan Anda oleh teman-teman dari bahaya ditangkap oleh musuh. Radio mungkin adalah cara paling pasti dan tercepat untuk memberi tahu orang lain di mana Anda berada dan membiarkan Anda menerima pesan mereka. Kenali radio di unit Anda. Pelajari cara mengoperasikannya dan cara mengirim dan menerima pesan. Jika dalam situasi noncombat, Anda perlu mencari area bersih dan datar terluas yang tersedia di medan setinggi mungkin. Gunakan sinyal sejelas yang bisa Anda buat, di sisi lain, Anda harus lebih berhati-hati dalam situasi pertempuran.'),(19,'Survival In Man Made Hazards','2020-11-01 23:36:36','Survival_In_Man_Made_Hazards.pdf','Senjata nuklir, kimia, dan biologi telah menjadi realitas potensial di medan perang modern mana pun. Pengalaman terkini di  wilayah konflik lainnya telah membuktikan penggunaan senjata kimia dan biologi (seperti mikotoksin). Doktrin perang dari NATO dan negara-negara Pakta Warsawa membahas penggunaan senjata nuklir dan kimia. Potensi penggunaan senjata-senjata ini meningkatkan masalah kelangsungan hidup karena bahaya serius yang ditimbulkan oleh dampak radioaktif atau kontaminasi yang dihasilkan oleh agen biologis atau kimiawi yang persisten. Anda harus menggunakan tindakan pencegahan khusus jika Anda berharap untuk bertahan hidup dalam bahaya buatan manusia ini. Jika Anda mengalami efek perang nuklir, kimia, atau biologis, prosedur bertahan hidup yang disarankan dalam bab ini dapat menyelamatkan hidup Anda. Bab ini menyajikan beberapa informasi latar belakang tentang setiap jenis bahaya sehingga Anda dapat lebih memahami sifat sebenarnya dari bahaya tersebut. kewaspadaan akan bahaya, pengetahuan tentang bab ini, dan penerapan akal sehat akan membuat Anda tetap hidup.'),(20,'Survival Movement in Hostile Areas','2020-10-15 23:37:05','Survival_Movement_in_Hostile_Areas.pdf','Prajurit mungkin harus pindah untuk waktu dan jarak yang lama ke tempat-tempat yang tidak terlalu mengancam.  Setiap situasi dan sumber daya yang tersedia menentukan jenis pemulihan yang mungkin dilakukan. Karena tidak ada yang bisa benar-benar yakin sampai upaya pemulihan dimulai, tentara yang menghadapi berbagai kemungkinan . Tim pergerakan melakukan bagian pelaksanaan dari rencana tersebut ketika diberitahu oleh markas yang lebih tinggi atau, jika tidak ada kontak dengan markas yang lebih tinggi, ketika penyintas dengan peringkat tertinggi memutuskan bahwa situasinya memerlukan unit untuk mencoba melarikan diri dari penangkapan atau kehancuran. Pemimpin tim gerakan menerima pemberitahuan mereka melalui sinyal yang telah dijelaskan sebelumnya. Setelah sinyal untuk menghindari penangkapan diberikan, sinyal tersebut harus diteruskan dengan cepat ke semua personel. Beri tahu markas yang lebih tinggi, jika memungkinkan. Jika tidak dapat berkomunikasi dengan kantor pusat yang lebih tinggi, para pemimpin harus menyadari bahwa perlawanan terorganisir telah berakhir, dan kontrol organisasi telah berhenti.'),(21,'Survival planning and Survival Kits','2020-09-16 23:37:42','Survival_planning_and_Survival_Kits.pdf','Perencanaan kelangsungan hidup berarti menyadari bahwa sesuatu dapat terjadi yang akan menempatkan dalam situasi bertahan hidup, dan dengan meningat hal tersebut, dapat diambil langkah - langkah untuk meningkatkan peluang untuk bertahan hidup.  Dengan demikian, perencanaan kelangsungan hidup berarti persiapan. Persiapan berarti memiliki item bertahan hidup dan mengetahui bagaimana menggunakannya Perencanaan terinci sebelumnya sangat penting dalam situasi kelangsungan hidup. Mempersiapkan dan membawa perlengkapan bertahan hidup sama pentingnya \\. Semua pesawat Angkatan Darat biasanya memiliki perlengkapan bertahan hidup di atas pesawat untuk jenis area yang akan mereka tuju. Ada kit untuk bertahan hidup di atas air, untuk bertahan hidup di iklim panas, dan rompi bertahan hidup penerbang (lihat Lampiran A untuk deskripsi kit bertahan hidup ini dan isinya). Jika Anda bukan penerbang, Anda mungkin tidak memiliki akses ke rompi bertahan hidup atau perlengkapan bertahan hidup. Namun, jika Anda tahu apa isi kit ini, itu akan membantu Anda untuk merencanakan dan mempersiapkan kit bertahan hidup Anda sendiri.'),(22,'Survival use of Plant','2020-10-14 23:38:22','Survival_use_of_Plant.pdf','Tanaman menjadi sumber pangan dengan nilai nutrisi yang tinggi. Tanaman banyak tersedia, mudah dibuat dan dengan kombinasi yang tepat dapat memenuhi kebutuhan nutrisi. Namun, terdapat berbagai jenis tanaman yang tidak dapat dimakan. Tanaman juga dapat memberikan obat-obatan dalam situasi bertahan hidup. Tanaman dapat memberikan senjata dan bahan mentah untuk membangun tempat berlindung dan membangun api. Tanaman bahkan dapat memberi bahan kimia untuk meracuni ikan, mengawetkan kulit binatang, dan untuk menyamarkan diri dan peralatan. Panduan ini menyediakan informasi mengenai makanan yang dapat dimakan dalam kondisi darurat. Penting untuk dapat mengenali tanaman yang dibudidayakan dan dapat dimakan liar dalam situasi bertahan hidup. Kadang-kadang Anda mungkin menemukan diri Anda dalam situasi yang tidak dapat Anda rencanakan. Dalam keadaan ini, Anda mungkin tidak memiliki kesempatan untuk mempelajari kehidupan tumbuhan di wilayah tempat Anda harus bertahan hidup. Sebagian besar informasi dalam bab ini ditujukan untuk mengidentifikasi tumbuhan liar karena informasi yang berkaitan dengan tumbuhan budidaya lebih banyak tersedia. '),(23,'Tropical Survival','2020-10-17 23:38:57','Tropical_Survival.pdf','Lingkungan tropis memiliki cuaca yang panas, curah hujan yang tinggi, serta tingkat kelembaban yang tinggi. Pengetahuan tentang keterampilan lapangan, kemampuan berimprovisasi, dan penerapan prinsip bertahan hidup akan meningkatkan prospek bertahan hidup. Jangan takut sendirian di hutan; ketakutan akan menyebabkan kepanikan. Kepanikan akan menyebabkan kelelahan dan menurunkan kesempatan untuk bertahan hidup. Panduan ini berisi informasi cara bertahan di lingkungan tropis dengan cuaca yang panas dan curah hujan yang tinggi.  Selain makanan hewani, Anda harus melengkapi makanan Anda dengan tanaman yang dapat dimakan. Tempat terbaik untuk mencari makan adalah tepi sungai dan sungai. Dimanapun matahari menembus hutan, akan ada banyak tumbuhan, tetapi tepi sungai mungkin merupakan daerah yang paling mudah dijangkau. Jika Anda lemah, jangan mengeluarkan energi untuk memanjat atau menebang pohon untuk dimakan. Ada sumber makanan yang lebih mudah didapat di dekat tanah. Jangan memilih makanan lebih dari yang Anda butuhkan. Makanan cepat rusak dalam kondisi tropis. Biarkan makanan di tanaman yang sedang tumbuh sampai Anda membutuhkannya, dan makanlah segar.'),(24,'Water Procurement',NULL,'Water_Procurement.pdf','Air merupakan salah satu kebutuhan yang paling  terpenting dalam bertahan hidup. Manusia tidak bisa hidup lama tanpa air, terutama di daerah panas dimana kehilangan air terjadi dengan cepat melalui keringat. Bahkan di tempat yang dingin sekalipun, manusia membutuhkan minimal 2 liter air setiap hari untuk menjaga keberlangsungan hidup.  Hampir semua lingkungan terdapat berbagai sumber air yang dapat digunakan menjadi air minum. Panduan ini berisi cara penjernihan air untuk peningkatan kualitas agar air dapat diminum.  Rumpun bambu hijau merupakan sumber air tawar yang sangat baik. Air dari bambu hijau bening dan tidak berbau. Untuk mengambil air, tekuk batang bambu hijau, ikat, dan potong bagian atasnya. Air hujan yang dikumpulkan dalam wadah bersih atau di dalam tanaman biasanya aman untuk minum. Namun, jernihkan air dari danau, telaga, rawa, mata air, atau sungai, terutama air di dekat pemukiman manusia atau di daerah tropis. Jika memungkinkan, bersihkan semua air yang Anda peroleh dari tumbuh-tumbuhan atau dari tanah dengan menggunakan yodium atau klorin, atau dengan merebus. ');

/*!40101 SET SQL_MODE=@OLD_SQL_MODE */;
/*!40014 SET FOREIGN_KEY_CHECKS=@OLD_FOREIGN_KEY_CHECKS */;
/*!40014 SET UNIQUE_CHECKS=@OLD_UNIQUE_CHECKS */;
/*!40111 SET SQL_NOTES=@OLD_SQL_NOTES */;
